{"stats":{"minecraft:killed":{"minecraft:sheep":5,"minecraft:zombie":2,"minecraft:pig":1,"minecraft:chicken":4,"simple_mobs:rat_small":1,"minecraft:spider":2,"orcz:orcsavageweird":1,"orcz:orcsavage_2sword":1,"restored_earth:skeleton_wolf":1,"minecraft:cow":6},"minecraft:killed_by":{"simple_mobs:rat_mid":1,"orcz:orcsavagegroupleader":1,"minecraft:drowned":1,"orcz:orcirongroupleader":1,"minecraft:spider":1,"dannys_expansion:floam":1},"minecraft:custom":{"minecraft:time_since_rest":15699,"champions:champion_mobs_killed":8,"minecraft:sprint_one_cm":298602,"minecraft:damage_taken":2195,"minecraft:walk_one_cm":679317,"minecraft:mob_kills":25,"minecraft:damage_dealt":4002,"minecraft:damage_dealt_absorbed":644,"minecraft:interact_with_crafting_table":1,"minecraft:fly_one_cm":190481,"minecraft:open_chest":6,"minecraft:crouch_one_cm":5187,"minecraft:play_time":81333,"minecraft:deaths":9,"minecraft:sneak_time":453,"minecraft:walk_under_water_one_cm":4021,"minecraft:jump":665,"minecraft:leave_game":2,"minecraft:time_since_death":15667,"minecraft:walk_on_water_one_cm":2173,"minecraft:total_world_time":81333,"minecraft:climb_one_cm":3132,"minecraft:fall_one_cm":19212,"minecraft:horse_one_cm":977},"minecraft:used":{"minecraft:bread":10,"minecraft:spyglass":6,"minecraft:dirt":2,"epicfight:uchigatana":85},"minecraft:picked_up":{"hexerei:animal_fat":3,"immersive_weathering:sand_layer_block":3,"orcz:orcteeth":1,"minecraft:feather":4,"minecraft:chicken":9,"minecraft:salmon":1,"minecraft:leather":4,"paraglider:spirit_orb":1,"minecraft:porkchop":7,"minecraft:dirt":2,"minecraft:string":1,"hexerei:sage_seed":4,"simple_mobs:lootbag":1,"minecraft:bone":4,"minecraft:rotten_flesh":1,"minecraft:wheat_seeds":1,"minecraft:crossbow":1,"minecraft:beef":13,"minecraft:bread":9,"minecraft:light_gray_wool":1,"minecraft:mutton":7,"minecraft:white_wool":4,"minecraft:egg":3},"minecraft:mined":{"simple_mobs:nested_meat":3,"minecraft:grass":13,"minecraft:grass_block":1,"minecraft:dirt":1,"minecraft:tall_grass":8,"minecraft:fern":2}},"DataVersion":2975}