{"stats":{"minecraft:killed":{"minecraft:cave_spider":3,"simple_mobs:hobgob":2,"simple_mobs:rat_small":1,"bloodandmadness:cloaked_beast_patient":1,"minecraft:spider":3,"minecraft:skeleton":2,"bloodandmadness:brainsucker":1,"goblinsanddungeons:garch":7,"minecraft:chicken":10,"orcz:orcsavageweird":1,"restored_earth:skeleton_wolf":1,"irons_spellbooks:spectral_steed":1,"mimic:mimic":1,"friendsandfoes:copper_golem":1,"minecraft:pig":7,"simple_mobs:gobber":7,"simple_mobs:goom":2,"untamedwilds:boar":1,"minecraft:creeper":1,"simple_mobs:weak_ogre":1,"minecraft:sheep":5,"minecraft:pillager":10,"minecraft:zombie":4,"simple_mobs:gob":13,"simple_mobs:goblo":3,"orcz:orcsavage_2sword":1,"minecraft:cow":11},"minecraft:picked_up":{"minecraft:crafting_table":4,"minecraft:wheat":39,"minecraft:chicken":13,"simple_mobs:bundled_emerald":3,"minecraft:string":55,"minecraft:raw_copper":18,"minecraft:cobbled_deepslate":1,"minecraft:beef":23,"minecraft:light_gray_wool":2,"minecraft:sugar_cane":6,"minecraft:egg":8,"minecraft:furnace":1,"minecraft:stick":3,"minecraft:raw_iron":1,"apotheosis:gem":3,"immersive_weathering:sand_layer_block":3,"minecraft:copper_ingot":3,"minecraft:torch":1,"minecraft:porkchop":18,"bloodandmadness:beastblood_clump":2,"hexerei:sage_seed":8,"untamedwilds:food_bear_cooked":5,"minecraft:arrow":38,"minecraft:rotten_flesh":4,"minecraft:beetroot_seeds":4,"minecraft:mutton":7,"bloodandmadness:blood_stone_shard":1,"minecraft:white_wool":11,"minecraft:rail":12,"minecraft:cobblestone":26,"minecraft:feather":5,"orcz:orcteeth":1,"minecraft:salmon":1,"minecraft:leather":10,"minecraft:acacia_wood":13,"minecraft:potato":9,"paraglider:spirit_orb":1,"minecraft:tuff":1,"minecraft:gunpowder":2,"minecraft:dirt":16,"minecraft:lantern":1,"minecraft:name_tag":1,"simple_mobs:lootbag":1,"minecraft:bone":7,"minecraft:wheat_seeds":96,"untamedwilds:material_fat":1,"minecraft:bow":2,"minecraft:orange_tulip":2,"goblinsanddungeons:scoria_brick_slab":1,"minecraft:powered_rail":1,"minecraft:acacia_sapling":1,"minecraft:iron_sword":1,"hexerei:animal_fat":7,"minecraft:sweet_berries":12,"minecraft:gravel":1,"minecraft:spruce_sapling":1,"minecraft:spider_eye":2,"minecraft:leather_helmet":1,"bloodandmadness:bullets/quicksilver_bullet":1,"minecraft:crossbow":1,"minecraft:bread":9,"minecraft:emerald":19,"minecraft:coal":17},"minecraft:broken":{"jet_and_elias_armors:outrider_set_helmet":1},"minecraft:crafted":{"minecraft:cooked_chicken":6,"minecraft:furnace":1,"minecraft:cooked_mutton":7,"quark:acacia_chest":4,"sophisticatedbackpacks:copper_backpack":1,"minecraft:cooked_beef":20,"paraglider:paraglider":1,"sophisticatedbackpacks:backpack":1,"minecraft:cooked_porkchop":8,"minecraft:copper_ingot":6,"minecraft:air":59,"minecraft:stick":4},"minecraft:mined":{"minecraft:tuff":1,"minecraft:grass_block":6,"minecraft:spruce_fence":1,"goblinsanddungeons:urn":6,"minecraft:furnace":1,"minecraft:iron_ore":1,"treechop:chopped_log":1,"minecraft:potatoes":3,"minecraft:stone":18,"minecraft:white_wool":7,"minecraft:crafting_table":3,"goblinsanddungeons:scoria_brick_slab":1,"minecraft:tall_grass":8,"minecraft:copper_ore":6,"minecraft:cobblestone":8,"minecraft:sugar_cane":2,"minecraft:wheat":39,"minecraft:sweet_berry_bush":5,"simple_mobs:nested_meat":3,"minecraft:grass":15,"minecraft:coal_ore":9,"minecraft:gravel":1,"minecraft:dirt":10,"minecraft:cobweb":58,"minecraft:oak_leaves":1,"minecraft:deepslate":1,"minecraft:fern":2},"minecraft:custom":{"lootr:looted_stat":5,"minecraft:mob_kills":109,"minecraft:interact_with_crafting_table":12,"minecraft:open_barrel":6,"minecraft:leave_game":2,"minecraft:time_since_death":3953,"minecraft:climb_one_cm":4200,"champions:champion_mobs_killed":62,"minecraft:sprint_one_cm":631018,"minecraft:walk_one_cm":1792257,"minecraft:drop":12,"minecraft:damage_dealt_absorbed":1954,"minecraft:play_time":191769,"minecraft:deaths":15,"minecraft:sneak_time":1764,"minecraft:walk_under_water_one_cm":9743,"minecraft:jump":1913,"minecraft:walk_on_water_one_cm":3687,"minecraft:total_world_time":191769,"minecraft:interact_with_furnace":18,"minecraft:sleep_in_bed":1,"minecraft:time_since_rest":3988,"minecraft:damage_taken":6686,"minecraft:damage_dealt":18428,"minecraft:fly_one_cm":602330,"minecraft:player_kills":3,"minecraft:open_chest":13,"minecraft:crouch_one_cm":16926,"minecraft:fall_one_cm":46795,"minecraft:horse_one_cm":977},"minecraft:used":{"minecraft:iron_sword":69,"minecraft:cooked_chicken":3,"minecraft:dirt":4,"minecraft:spyglass":28,"untamedwilds:food_bear_cooked":5,"minecraft:light_gray_wool":1,"minecraft:furnace":1,"minecraft:cooked_beef":20,"minecraft:acacia_planks":6,"epicfight:skillbook":1,"minecraft:stone_pickaxe":56,"minecraft:wooden_pickaxe":3,"minecraft:crafting_table":4,"minecraft:crossbow":3,"minecraft:bread":17,"minecraft:cobblestone":14,"minecraft:cooked_porkchop":4,"epicfight:uchigatana":330},"minecraft:killed_by":{"minecraft:player":1,"orcz:orcirongroupleader":1,"minecraft:spider":1,"simple_mobs:rat_mid":1,"orcz:orcsavagegroupleader":1,"minecraft:drowned":1,"simple_mobs:goom":1,"goblinsanddungeons:goblin_king":2,"simple_mobs:gobber":1,"guardvillagers:guard":1,"dannys_expansion:floam":1},"minecraft:dropped":{"minecraft:wheat_seeds":1,"minecraft:leather":3,"minecraft:spruce_sapling":2,"hexerei:sage_seed":4,"simple_mobs:bundled_emerald":1,"minecraft:rotten_flesh":1,"minecraft:light_gray_wool":1,"minecraft:salmon":1,"minecraft:acacia_sapling":1}},"DataVersion":2975}