{"stats":{"minecraft:killed":{"friendsandfoes:copper_golem":1,"minecraft:cave_spider":3,"minecraft:pig":7,"simple_mobs:gobber":7,"simple_mobs:hobgob":2,"bloodandmadness:cloaked_beast_patient":1,"simple_mobs:rat_small":1,"simple_mobs:goom":2,"minecraft:spider":3,"untamedwilds:boar":1,"minecraft:creeper":1,"simple_mobs:weak_ogre":1,"minecraft:sheep":5,"minecraft:skeleton":2,"minecraft:pillager":10,"bloodandmadness:brainsucker":1,"minecraft:zombie":4,"goblinsanddungeons:garch":4,"minecraft:chicken":10,"simple_mobs:goblo":2,"simple_mobs:gob":13,"orcz:orcsavageweird":1,"orcz:orcsavage_2sword":1,"restored_earth:skeleton_wolf":1,"irons_spellbooks:spectral_steed":1,"minecraft:cow":11},"minecraft:picked_up":{"minecraft:wheat":39,"minecraft:crafting_table":4,"minecraft:feather":5,"orcz:orcteeth":1,"minecraft:chicken":13,"minecraft:salmon":1,"minecraft:leather":10,"minecraft:potato":9,"minecraft:acacia_wood":13,"paraglider:spirit_orb":1,"minecraft:tuff":1,"minecraft:gunpowder":2,"simple_mobs:bundled_emerald":3,"minecraft:dirt":16,"minecraft:string":54,"minecraft:lantern":1,"minecraft:raw_copper":18,"simple_mobs:lootbag":1,"minecraft:bone":6,"goblinsanddungeons:scoria_brick_slab":1,"untamedwilds:material_fat":1,"minecraft:bow":1,"minecraft:orange_tulip":2,"minecraft:wheat_seeds":96,"minecraft:cobbled_deepslate":1,"minecraft:beef":23,"minecraft:light_gray_wool":2,"minecraft:sugar_cane":6,"minecraft:iron_sword":1,"minecraft:acacia_sapling":1,"minecraft:furnace":1,"minecraft:egg":8,"hexerei:animal_fat":7,"minecraft:raw_iron":1,"minecraft:stick":3,"apotheosis:gem":1,"immersive_weathering:sand_layer_block":3,"minecraft:sweet_berries":12,"minecraft:copper_ingot":3,"minecraft:torch":1,"minecraft:gravel":1,"minecraft:porkchop":18,"minecraft:spruce_sapling":1,"bloodandmadness:beastblood_clump":2,"minecraft:spider_eye":2,"minecraft:leather_helmet":1,"bloodandmadness:bullets/quicksilver_bullet":1,"hexerei:sage_seed":8,"untamedwilds:food_bear_cooked":5,"minecraft:arrow":26,"minecraft:rotten_flesh":4,"minecraft:crossbow":1,"minecraft:emerald":18,"minecraft:bread":9,"bloodandmadness:blood_stone_shard":1,"minecraft:coal":9,"minecraft:mutton":7,"minecraft:white_wool":11,"minecraft:cobblestone":26},"minecraft:mined":{"minecraft:tuff":1,"minecraft:crafting_table":3,"goblinsanddungeons:scoria_brick_slab":1,"minecraft:spruce_fence":1,"minecraft:grass_block":6,"minecraft:copper_ore":6,"minecraft:tall_grass":8,"minecraft:cobblestone":8,"minecraft:sugar_cane":2,"goblinsanddungeons:urn":3,"minecraft:furnace":1,"minecraft:wheat":39,"minecraft:iron_ore":1,"minecraft:sweet_berry_bush":5,"treechop:chopped_log":1,"simple_mobs:nested_meat":3,"minecraft:grass":15,"minecraft:potatoes":3,"minecraft:coal_ore":9,"minecraft:gravel":1,"minecraft:dirt":10,"minecraft:cobweb":58,"minecraft:stone":18,"minecraft:oak_leaves":1,"minecraft:deepslate":1,"minecraft:white_wool":7,"minecraft:fern":2},"minecraft:custom":{"minecraft:interact_with_furnace":18,"lootr:looted_stat":3,"minecraft:mob_kills":104,"minecraft:interact_with_crafting_table":12,"minecraft:open_barrel":6,"minecraft:leave_game":2,"minecraft:time_since_death":5329,"minecraft:sleep_in_bed":1,"minecraft:climb_one_cm":3132,"minecraft:time_since_rest":5364,"champions:champion_mobs_killed":58,"minecraft:sprint_one_cm":552422,"minecraft:damage_taken":5452,"minecraft:walk_one_cm":1594153,"minecraft:drop":12,"minecraft:damage_dealt":17004,"minecraft:damage_dealt_absorbed":1908,"minecraft:player_kills":3,"minecraft:fly_one_cm":564681,"minecraft:open_chest":13,"minecraft:crouch_one_cm":14743,"minecraft:play_time":179769,"minecraft:deaths":13,"minecraft:sneak_time":1647,"minecraft:walk_under_water_one_cm":4021,"minecraft:jump":1742,"minecraft:walk_on_water_one_cm":2858,"minecraft:total_world_time":179769,"minecraft:fall_one_cm":41379,"minecraft:horse_one_cm":977},"minecraft:crafted":{"minecraft:cooked_beef":20,"paraglider:paraglider":1,"sophisticatedbackpacks:backpack":1,"minecraft:cooked_porkchop":8,"minecraft:cooked_chicken":6,"minecraft:furnace":1,"minecraft:copper_ingot":6,"minecraft:cooked_mutton":7,"minecraft:air":59,"quark:acacia_chest":4,"sophisticatedbackpacks:copper_backpack":1,"minecraft:stick":4},"minecraft:killed_by":{"minecraft:player":1,"orcz:orcirongroupleader":1,"minecraft:spider":1,"simple_mobs:rat_mid":1,"simple_mobs:gobber":1,"orcz:orcsavagegroupleader":1,"minecraft:drowned":1,"simple_mobs:goom":1,"guardvillagers:guard":1,"dannys_expansion:floam":1},"minecraft:used":{"epicfight:skillbook":1,"minecraft:stone_pickaxe":55,"minecraft:wooden_pickaxe":3,"minecraft:iron_sword":69,"minecraft:dirt":2,"minecraft:spyglass":28,"minecraft:crafting_table":4,"minecraft:crossbow":3,"untamedwilds:food_bear_cooked":5,"minecraft:bread":17,"minecraft:light_gray_wool":1,"minecraft:cobblestone":14,"minecraft:cooked_porkchop":4,"minecraft:furnace":1,"minecraft:acacia_planks":6,"minecraft:cooked_beef":13,"epicfight:uchigatana":306},"minecraft:dropped":{"hexerei:sage_seed":4,"minecraft:wheat_seeds":1,"simple_mobs:bundled_emerald":1,"minecraft:rotten_flesh":1,"minecraft:light_gray_wool":1,"minecraft:leather":3,"minecraft:salmon":1,"minecraft:acacia_sapling":1,"minecraft:spruce_sapling":2}},"DataVersion":2975}