{"stats":{"minecraft:killed_by":{"minecraft:drowned":1,"orcz:orcirongroupleader":1,"minecraft:spider":1,"dannys_expansion:floam":1},"minecraft:killed":{"minecraft:zombie":2,"minecraft:pig":1,"minecraft:spider":2,"minecraft:cow":6},"minecraft:custom":{"minecraft:time_since_rest":2364,"champions:champion_mobs_killed":4,"minecraft:sprint_one_cm":172422,"minecraft:damage_taken":1756,"minecraft:walk_one_cm":395735,"minecraft:mob_kills":12,"minecraft:damage_dealt":2583,"minecraft:damage_dealt_absorbed":434,"minecraft:interact_with_crafting_table":1,"minecraft:fly_one_cm":98256,"minecraft:open_chest":5,"minecraft:crouch_one_cm":4361,"minecraft:play_time":51975,"minecraft:deaths":7,"minecraft:sneak_time":417,"minecraft:walk_under_water_one_cm":4021,"minecraft:jump":369,"minecraft:leave_game":1,"minecraft:time_since_death":2318,"minecraft:walk_on_water_one_cm":2173,"minecraft:total_world_time":51975,"minecraft:climb_one_cm":1367,"minecraft:fall_one_cm":12789,"minecraft:horse_one_cm":977},"minecraft:used":{"minecraft:bread":5,"minecraft:dirt":2,"epicfight:uchigatana":56},"minecraft:picked_up":{"hexerei:animal_fat":3,"minecraft:leather":4,"paraglider:spirit_orb":1,"minecraft:porkchop":3,"minecraft:dirt":2,"minecraft:string":1,"hexerei:sage_seed":2,"simple_mobs:lootbag":1,"minecraft:rotten_flesh":1,"minecraft:wheat_seeds":1,"minecraft:beef":10,"minecraft:bread":3},"minecraft:mined":{"minecraft:grass":12,"minecraft:grass_block":1,"minecraft:dirt":1,"minecraft:tall_grass":8,"minecraft:fern":2}},"DataVersion":2975}