{"stats":{"minecraft:killed":{"minecraft:cave_spider":3,"simple_mobs:hobgob":2,"simple_mobs:rat_small":1,"bloodandmadness:cloaked_beast_patient":3,"minecraft:spider":4,"dannys_expansion:foamspring":1,"goblinsanddungeons:goblin_king":1,"minecraft:skeleton":12,"bloodandmadness:brainsucker":2,"goblinsanddungeons:garch":7,"goblinsanddungeons:goom":1,"minecraft:chicken":10,"orcz:orcsavageweird":1,"restored_earth:skeleton_wolf":1,"irons_spellbooks:spectral_steed":1,"mimic:mimic":1,"friendsandfoes:copper_golem":1,"minecraft:pig":7,"simple_mobs:gobber":7,"dannys_expansion:floam":1,"simple_mobs:goom":2,"goblinsanddungeons:gob":1,"untamedwilds:boar":1,"majruszsdifficulty:cursed_armor":3,"minecraft:ravager":1,"minecraft:creeper":1,"simple_mobs:weak_ogre":1,"minecraft:sheep":5,"minecraft:pillager":10,"tinyskeletons:baby_skeleton":1,"minecraft:zombie":30,"simple_mobs:skeleton_demon":1,"simple_mobs:gob":13,"simple_mobs:goblo":3,"simple_mobs:cave_blockhead":1,"orcz:orcsavage_2sword":1,"minecraft:cow":11},"minecraft:picked_up":{"minecraft:crafting_table":4,"minecraft:wheat":102,"bloodandmadness:twin_blood_stone_shards":1,"minecraft:chicken":13,"minecraft:stone_brick_wall":1,"minecraft:stone_brick_stairs":5,"quark:dark_oak_chest":1,"minecraft:shield":2,"minecraft:cornflower":1,"simple_mobs:bundled_emerald":3,"minecraft:string":56,"minecraft:raw_copper":225,"minecraft:armor_stand":3,"minecraft:blue_orchid":1,"bloodandmadness:blood_vial":1,"minecraft:cracked_stone_bricks":10,"irons_spellbooks:arcane_essence":1,"quark:spruce_chest":1,"minecraft:cobbled_deepslate":1,"minecraft:beef":23,"minecraft:iron_nugget":1,"minecraft:light_gray_wool":2,"minecraft:sugar_cane":6,"minecraft:chest":2,"minecraft:birch_sapling":3,"bloodandmadness:pure_quicksilver":1,"minecraft:egg":12,"minecraft:furnace":1,"minecraft:stick":5,"minecraft:raw_iron":87,"apotheosis:gem":9,"immersive_weathering:sand_layer_block":3,"minecraft:copper_ingot":3,"minecraft:oak_fence":1,"minecraft:torch":5,"minecraft:porkchop":25,"minecraft:carrot":2,"minecraft:trident":1,"minecraft:redstone":45,"bloodandmadness:beastblood_clump":4,"goblinsanddungeons:goblin_crown":2,"hexerei:sage_seed":15,"minecraft:stone_sword":1,"untamedwilds:food_bear_cooked":6,"minecraft:arrow":61,"minecraft:rotten_flesh":33,"minecraft:beetroot_seeds":4,"minecraft:saddle":1,"minecraft:mutton":7,"bloodandmadness:blood_stone_shard":1,"minecraft:white_wool":11,"minecraft:rail":12,"minecraft:cobblestone":116,"minecraft:leather_chestplate":1,"minecraft:feather":5,"orcz:orcteeth":1,"minecraft:glow_ink_sac":9,"minecraft:andesite":10,"minecraft:tripwire_hook":1,"minecraft:salmon":1,"minecraft:leather":13,"minecraft:acacia_wood":44,"minecraft:potato":10,"paraglider:spirit_orb":1,"minecraft:tuff":3,"create:raw_zinc":16,"minecraft:gunpowder":4,"simple_mobs:crystal_helmet":1,"minecraft:lapis_lazuli":78,"minecraft:dirt":23,"minecraft:lantern":1,"minecraft:name_tag":1,"minecraft:leather_boots":4,"simple_mobs:lootbag":1,"minecraft:bone":20,"minecraft:stone_bricks":18,"supplementaries:goblet":1,"minecraft:wheat_seeds":273,"untamedwilds:material_fat":1,"minecraft:bow":2,"minecraft:orange_tulip":2,"goblinsanddungeons:scoria_brick_slab":1,"minecraft:iron_ingot":1,"dannys_expansion:yellow_spores":8,"minecraft:mossy_stone_bricks":10,"minecraft:powered_rail":1,"simple_mobs:cavefragment":2,"minecraft:acacia_sapling":2,"minecraft:iron_sword":2,"hexerei:animal_fat":7,"quark:red_corundum_cluster":5,"minecraft:chiseled_stone_bricks":1,"epicfight:stone_greatsword":1,"supplementaries:sack":2,"minecraft:sweet_berries":12,"minecraft:raw_iron_block":1,"minecraft:gravel":1,"minecraft:stripped_spruce_log":31,"minecraft:spruce_sapling":4,"quark:red_corundum":17,"immersive_weathering:stone_brick":2,"minecraft:mossy_cobblestone":29,"minecraft:barrel":2,"minecraft:spider_eye":3,"minecraft:leather_helmet":3,"bloodandmadness:bullets/quicksilver_bullet":1,"minecraft:deepslate":1,"monsterplus:crystal_shard":1,"minecraft:lever":1,"minecraft:crossbow":1,"minecraft:bread":9,"minecraft:emerald":51,"minecraft:coal":61},"minecraft:broken":{"minecraft:leather_helmet":1,"minecraft:iron_boots":1,"minecraft:iron_chestplate":1,"minecraft:stone_pickaxe":1,"minecraft:iron_pickaxe":1,"jet_and_elias_armors:outrider_set_helmet":1},"minecraft:crafted":{"minecraft:cooked_chicken":6,"minecraft:furnace":1,"minecraft:cooked_mutton":7,"quark:acacia_chest":4,"sophisticatedbackpacks:copper_backpack":1,"sophisticatedbackpacks:iron_backpack":1,"minecraft:cooked_beef":23,"paraglider:paraglider":1,"sophisticatedbackpacks:backpack":1,"minecraft:cooked_porkchop":28,"minecraft:copper_ingot":6,"minecraft:stone_axe":1,"minecraft:air":102,"minecraft:stick":4,"minecraft:iron_pickaxe":2,"minecraft:iron_ingot":92},"minecraft:custom":{"lootr:looted_stat":25,"minecraft:mob_kills":172,"minecraft:interact_with_crafting_table":19,"minecraft:open_barrel":12,"minecraft:damage_dealt_resisted":318,"minecraft:leave_game":3,"minecraft:time_since_death":13655,"minecraft:climb_one_cm":29055,"champions:champion_mobs_killed":109,"minecraft:sprint_one_cm":1096184,"minecraft:walk_one_cm":3105576,"minecraft:drop":47,"minecraft:damage_dealt_absorbed":2998,"minecraft:play_time":363701,"minecraft:deaths":42,"minecraft:sneak_time":4208,"minecraft:walk_under_water_one_cm":25937,"minecraft:jump":3394,"minecraft:walk_on_water_one_cm":23488,"minecraft:total_world_time":363701,"minecraft:interact_with_furnace":41,"minecraft:sleep_in_bed":1,"minecraft:time_since_rest":13701,"minecraft:waystone_activated":1,"minecraft:damage_taken":16632,"minecraft:damage_absorbed":50,"minecraft:damage_dealt":33112,"minecraft:swim_one_cm":6624,"minecraft:fly_one_cm":1527787,"minecraft:player_kills":5,"minecraft:open_chest":95,"minecraft:crouch_one_cm":29439,"minecraft:fall_one_cm":87841,"minecraft:horse_one_cm":13754},"minecraft:mined":{"create:zinc_ore":16,"quark:red_corundum":17,"supplementaries:goblet":1,"minecraft:tuff":3,"minecraft:mossy_cobblestone":2,"minecraft:stone_brick_wall":1,"minecraft:grass_block":7,"minecraft:spruce_fence":1,"minecraft:redstone_wire":3,"minecraft:spawner":10,"goblinsanddungeons:urn":6,"minecraft:large_fern":1,"minecraft:raw_iron_block":1,"minecraft:redstone_ore":6,"minecraft:carrots":5,"minecraft:furnace":1,"minecraft:barrel":2,"minecraft:iron_ore":72,"minecraft:andesite":10,"treechop:chopped_log":5,"minecraft:deepslate_lapis_ore":4,"minecraft:dirt_path":2,"minecraft:potatoes":6,"minecraft:deepslate_iron_ore":18,"minecraft:stone":82,"quark:red_corundum_cluster":3,"minecraft:white_wool":7,"minecraft:tripwire":1,"minecraft:deepslate_redstone_ore":3,"lootr:lootr_chest":2,"quark:dark_oak_chest":1,"minecraft:oak_fence":1,"minecraft:crafting_table":3,"minecraft:cornflower":1,"goblinsanddungeons:scoria_brick_slab":1,"supplementaries:sack":2,"minecraft:tall_grass":8,"minecraft:copper_ore":63,"minecraft:cobblestone":8,"minecraft:lapis_ore":7,"minecraft:sugar_cane":2,"minecraft:wall_torch":1,"supplementaries:urn":1,"minecraft:wheat":113,"minecraft:sweet_berry_bush":5,"minecraft:blue_ice":2,"simple_mobs:nested_meat":3,"minecraft:grass":23,"minecraft:coal_ore":53,"minecraft:beetroots":1,"quark:spruce_chest":1,"minecraft:gravel":1,"minecraft:dirt":13,"minecraft:cobweb":58,"minecraft:stone_bricks":3,"minecraft:mossy_stone_bricks":2,"minecraft:oak_leaves":1,"minecraft:deepslate":2,"minecraft:fern":11},"minecraft:killed_by":{"minecraft:player":5,"orcz:orcirongroupleader":1,"minecraft:spider":1,"simple_mobs:bone":1,"simple_mobs:rat_mid":1,"simple_mobs:skeleton_demon":1,"minecraft:ravager":1,"orcz:orcsavagegroupleader":1,"minecraft:drowned":1,"simple_mobs:goom":1,"goblinsanddungeons:goblin_king":3,"goblinsanddungeons:gob":1,"minecraft:skeleton":2,"minecraft:zombie":4,"simple_mobs:gobber":1,"majruszsdifficulty:cursed_armor":10,"guardvillagers:guard":1,"goblinsanddungeons:garch":1,"dannys_expansion:floam":1},"minecraft:used":{"minecraft:redstone":7,"minecraft:chest":2,"minecraft:iron_sword":69,"minecraft:cooked_chicken":6,"minecraft:torch":3,"minecraft:dirt":4,"minecraft:spyglass":28,"untamedwilds:food_bear_cooked":6,"epicfight:stone_greatsword":9,"minecraft:stone_bricks":3,"minecraft:light_gray_wool":1,"minecraft:furnace":2,"minecraft:cooked_beef":23,"minecraft:acacia_planks":6,"minecraft:mossy_stone_bricks":2,"epicfight:skillbook":1,"minecraft:stone_pickaxe":131,"minecraft:wooden_pickaxe":3,"minecraft:golden_apple":3,"minecraft:crafting_table":5,"quark:acacia_chest":3,"minecraft:crossbow":3,"minecraft:bread":43,"minecraft:iron_pickaxe":293,"minecraft:stone_axe":58,"minecraft:cobblestone":35,"minecraft:cooked_porkchop":28,"quark:golden_frog_leg":3,"epicfight:uchigatana":611,"minecraft:experience_bottle":1},"minecraft:dropped":{"minecraft:enchanted_book":2,"minecraft:wheat_seeds":9,"minecraft:mossy_cobblestone":7,"minecraft:leather":3,"bloodandmadness:beastblood_clump":3,"irons_spellbooks:scroll":1,"minecraft:emerald":1,"minecraft:leather_helmet":1,"minecraft:torch":2,"irons_spellbooks:arcane_essence":10,"irons_spellbooks:frozen_bone":6,"minecraft:spruce_sapling":2,"goblinsanddungeons:goblin_crown":1,"hexerei:sage_seed":5,"minecraft:lever":1,"simple_mobs:bundled_emerald":1,"minecraft:tuff":2,"minecraft:birch_sapling":1,"minecraft:rotten_flesh":1,"minecraft:light_gray_wool":1,"minecraft:salmon":1,"minecraft:chiseled_stone_bricks":1,"minecraft:shield":1,"minecraft:gunpowder":2,"apotheosis:gem":2,"minecraft:leather_boots":2,"minecraft:mossy_stone_bricks":4,"minecraft:acacia_sapling":1,"minecraft:stone_bricks":15,"minecraft:arrow":16}},"DataVersion":2975}