{"stats":{"minecraft:killed_by":{"minecraft:spider":1,"dannys_expansion:floam":1},"minecraft:killed":{"minecraft:spider":2,"minecraft:zombie":2,"minecraft:pig":1,"minecraft:cow":6},"minecraft:custom":{"minecraft:time_since_rest":3908,"champions:champion_mobs_killed":4,"minecraft:crouch_one_cm":3452,"minecraft:play_time":27975,"minecraft:sprint_one_cm":85508,"minecraft:deaths":2,"minecraft:damage_taken":569,"minecraft:walk_one_cm":170216,"minecraft:sneak_time":358,"minecraft:mob_kills":11,"minecraft:jump":152,"minecraft:damage_dealt":1644,"minecraft:leave_game":1,"minecraft:time_since_death":3876,"minecraft:climb_one_cm":236,"minecraft:total_world_time":27975,"minecraft:fly_one_cm":34419,"minecraft:damage_dealt_absorbed":350,"minecraft:fall_one_cm":2497},"minecraft:used":{"minecraft:dirt":2,"minecraft:bread":2,"epicfight:uchigatana":39},"minecraft:picked_up":{"hexerei:animal_fat":3,"hexerei:sage_seed":1,"minecraft:rotten_flesh":1,"minecraft:leather":4,"minecraft:wheat_seeds":1,"minecraft:porkchop":3,"minecraft:beef":10,"minecraft:bread":3,"minecraft:string":1,"minecraft:dirt":2},"minecraft:mined":{"minecraft:grass":11,"minecraft:grass_block":1,"minecraft:dirt":1,"minecraft:tall_grass":8,"minecraft:fern":2}},"DataVersion":2975}