{"stats":{"minecraft:killed":{"friendsandfoes:copper_golem":1,"minecraft:cave_spider":3,"minecraft:pig":2,"simple_mobs:rat_small":1,"minecraft:spider":3,"untamedwilds:boar":1,"minecraft:creeper":1,"minecraft:sheep":5,"minecraft:skeleton":2,"minecraft:pillager":10,"minecraft:zombie":3,"minecraft:chicken":4,"orcz:orcsavageweird":1,"orcz:orcsavage_2sword":1,"restored_earth:skeleton_wolf":1,"minecraft:cow":10},"minecraft:picked_up":{"minecraft:crafting_table":2,"minecraft:feather":4,"orcz:orcteeth":1,"minecraft:chicken":9,"minecraft:salmon":1,"minecraft:leather":9,"minecraft:acacia_wood":13,"paraglider:spirit_orb":1,"minecraft:tuff":1,"minecraft:gunpowder":2,"minecraft:dirt":16,"minecraft:string":54,"minecraft:raw_copper":18,"simple_mobs:lootbag":1,"minecraft:bone":6,"untamedwilds:material_fat":1,"minecraft:orange_tulip":2,"minecraft:wheat_seeds":1,"minecraft:cobbled_deepslate":1,"minecraft:beef":20,"minecraft:light_gray_wool":2,"minecraft:iron_sword":1,"minecraft:acacia_sapling":1,"minecraft:egg":4,"hexerei:animal_fat":5,"minecraft:raw_iron":1,"minecraft:stick":3,"immersive_weathering:sand_layer_block":3,"minecraft:sweet_berries":12,"minecraft:copper_ingot":3,"minecraft:torch":1,"minecraft:gravel":1,"minecraft:porkchop":8,"minecraft:spruce_sapling":1,"minecraft:spider_eye":2,"bloodandmadness:bullets/quicksilver_bullet":1,"hexerei:sage_seed":8,"untamedwilds:food_bear_cooked":5,"minecraft:arrow":18,"minecraft:rotten_flesh":3,"minecraft:crossbow":1,"minecraft:bread":9,"minecraft:coal":9,"minecraft:mutton":7,"minecraft:white_wool":11,"minecraft:cobblestone":26},"minecraft:mined":{"minecraft:tuff":1,"minecraft:crafting_table":2,"minecraft:grass_block":6,"minecraft:copper_ore":6,"minecraft:tall_grass":8,"minecraft:cobblestone":8,"minecraft:iron_ore":1,"minecraft:sweet_berry_bush":5,"treechop:chopped_log":1,"simple_mobs:nested_meat":3,"minecraft:grass":15,"minecraft:coal_ore":9,"minecraft:gravel":1,"minecraft:dirt":10,"minecraft:cobweb":58,"minecraft:stone":18,"minecraft:deepslate":1,"minecraft:white_wool":7,"minecraft:fern":2},"minecraft:custom":{"minecraft:interact_with_furnace":10,"lootr:looted_stat":1,"minecraft:mob_kills":54,"minecraft:interact_with_crafting_table":9,"minecraft:open_barrel":6,"minecraft:leave_game":2,"minecraft:time_since_death":46821,"minecraft:climb_one_cm":3132,"minecraft:time_since_rest":46855,"champions:champion_mobs_killed":26,"minecraft:sprint_one_cm":399714,"minecraft:damage_taken":3371,"minecraft:walk_one_cm":1125624,"minecraft:drop":8,"minecraft:damage_dealt":8698,"minecraft:damage_dealt_absorbed":896,"minecraft:fly_one_cm":358656,"minecraft:open_chest":9,"minecraft:crouch_one_cm":12572,"minecraft:play_time":131769,"minecraft:deaths":10,"minecraft:sneak_time":1506,"minecraft:walk_under_water_one_cm":4021,"minecraft:jump":1130,"minecraft:walk_on_water_one_cm":2173,"minecraft:total_world_time":131769,"minecraft:fall_one_cm":29323,"minecraft:horse_one_cm":977},"minecraft:crafted":{"minecraft:cooked_beef":20,"paraglider:paraglider":1,"sophisticatedbackpacks:backpack":1,"minecraft:cooked_porkchop":8,"minecraft:furnace":1,"minecraft:cooked_mutton":4,"minecraft:air":43,"quark:acacia_chest":4,"minecraft:stick":4},"minecraft:killed_by":{"orcz:orcirongroupleader":1,"minecraft:spider":1,"simple_mobs:rat_mid":1,"orcz:orcsavagegroupleader":1,"minecraft:drowned":1,"guardvillagers:guard":1,"dannys_expansion:floam":1},"minecraft:used":{"minecraft:stone_pickaxe":53,"minecraft:wooden_pickaxe":3,"minecraft:iron_sword":69,"minecraft:dirt":2,"minecraft:spyglass":28,"minecraft:crafting_table":3,"minecraft:crossbow":3,"untamedwilds:food_bear_cooked":5,"minecraft:bread":17,"minecraft:light_gray_wool":1,"minecraft:cobblestone":14,"minecraft:furnace":1,"minecraft:cooked_beef":1,"epicfight:uchigatana":160},"minecraft:dropped":{"hexerei:sage_seed":4,"minecraft:wheat_seeds":1,"minecraft:rotten_flesh":1,"minecraft:light_gray_wool":1,"minecraft:salmon":1,"minecraft:acacia_sapling":1,"minecraft:spruce_sapling":2}},"DataVersion":2975}