{"stats":{"minecraft:killed":{"minecraft:sheep":5,"minecraft:zombie":2,"minecraft:pig":1,"minecraft:chicken":4,"simple_mobs:rat_small":1,"minecraft:spider":2,"minecraft:cow":6},"minecraft:killed_by":{"simple_mobs:rat_mid":1,"minecraft:drowned":1,"orcz:orcirongroupleader":1,"minecraft:spider":1,"dannys_expansion:floam":1},"minecraft:custom":{"minecraft:time_since_rest":7126,"champions:champion_mobs_killed":5,"minecraft:sprint_one_cm":200226,"minecraft:damage_taken":1931,"minecraft:walk_one_cm":523364,"minecraft:mob_kills":22,"minecraft:damage_dealt":3684,"minecraft:damage_dealt_absorbed":560,"minecraft:interact_with_crafting_table":1,"minecraft:fly_one_cm":106485,"minecraft:open_chest":6,"minecraft:crouch_one_cm":4836,"minecraft:play_time":63975,"minecraft:deaths":8,"minecraft:sneak_time":431,"minecraft:walk_under_water_one_cm":4021,"minecraft:jump":444,"minecraft:leave_game":1,"minecraft:time_since_death":7107,"minecraft:walk_on_water_one_cm":2173,"minecraft:total_world_time":63975,"minecraft:climb_one_cm":1367,"minecraft:fall_one_cm":14333,"minecraft:horse_one_cm":977},"minecraft:used":{"minecraft:bread":5,"minecraft:spyglass":6,"minecraft:dirt":2,"epicfight:uchigatana":79},"minecraft:picked_up":{"hexerei:animal_fat":3,"minecraft:feather":4,"minecraft:chicken":9,"minecraft:salmon":1,"minecraft:leather":4,"paraglider:spirit_orb":1,"minecraft:porkchop":7,"minecraft:dirt":2,"minecraft:string":1,"hexerei:sage_seed":3,"simple_mobs:lootbag":1,"minecraft:bone":3,"minecraft:rotten_flesh":1,"minecraft:wheat_seeds":1,"minecraft:beef":13,"minecraft:bread":3,"minecraft:light_gray_wool":1,"minecraft:mutton":7,"minecraft:white_wool":4,"minecraft:egg":3},"minecraft:mined":{"simple_mobs:nested_meat":3,"minecraft:grass":12,"minecraft:grass_block":1,"minecraft:dirt":1,"minecraft:tall_grass":8,"minecraft:fern":2}},"DataVersion":2975}