{"stats":{"minecraft:crafted":{"minecraft:oak_planks":36,"minecraft:crafting_table":1},"minecraft:custom":{"minecraft:time_since_rest":12081,"minecraft:interact_with_furnace":4,"minecraft:sprint_one_cm":38767,"minecraft:damage_taken":52,"minecraft:walk_one_cm":24960,"minecraft:drop":1,"minecraft:damage_dealt":121,"minecraft:swim_one_cm":581,"minecraft:talked_to_villager":1,"minecraft:fly_one_cm":37689,"minecraft:open_chest":4,"minecraft:crouch_one_cm":426,"minecraft:play_time":12081,"minecraft:sneak_time":100,"minecraft:walk_under_water_one_cm":419,"minecraft:damage_dealt_resisted":0,"minecraft:jump":122,"minecraft:leave_game":3,"minecraft:time_since_death":12081,"minecraft:walk_on_water_one_cm":1503,"minecraft:total_world_time":12081,"minecraft:fall_one_cm":2656},"minecraft:mined":{"minecraft:hay_block":10,"minecraft:furnace":1,"mna:runeforge":1,"mna:pedestal":1,"mna:runescribing_table":1,"minecraft:oak_log":10,"minecraft:lantern":1,"minecraft:iron_block":1},"minecraft:dropped":{"artifacts:feral_claws":1},"minecraft:used":{"minecraft:oak_log":3,"minecraft:iron_pickaxe":34},"minecraft:picked_up":{"minecraft:golden_helmet":4,"minecraft:golden_leggings":4,"mna:runeforge":1,"mna:runescribing_table":1,"croptopia:celery_seed":2,"minecraft:oak_log":12,"croptopia:celery":1,"minecraft:stone_pressure_plate":1,"minecraft:lantern":1,"artifacts:feral_claws":1,"minecraft:armor_stand":6,"minecraft:item_frame":1,"biomesoplenty:maple_sapling":1,"minecraft:hay_block":10,"minecraft:iron_ingot":2,"minecraft:iron_block":1,"minecraft:coal":15,"minecraft:furnace":1}},"DataVersion":3465}