{"stats":{"minecraft:killed":{"minecraft:cow":6},"minecraft:custom":{"minecraft:jump":71,"minecraft:time_since_rest":15975,"minecraft:damage_dealt":665,"minecraft:crouch_one_cm":1350,"minecraft:sprint_one_cm":19383,"minecraft:leave_game":1,"minecraft:play_time":15975,"minecraft:time_since_death":15975,"minecraft:walk_one_cm":44182,"minecraft:sneak_time":118,"minecraft:total_world_time":15975,"minecraft:mob_kills":6,"minecraft:damage_dealt_absorbed":154,"minecraft:fall_one_cm":1045,"minecraft:fly_one_cm":16873},"minecraft:used":{"epicfight:uchigatana":14},"minecraft:picked_up":{"hexerei:animal_fat":3,"minecraft:beef":10,"minecraft:leather":4},"minecraft:mined":{"minecraft:tall_grass":3,"minecraft:fern":1,"minecraft:grass":1}},"DataVersion":2975}