{"stats":{"minecraft:killed":{"minecraft:sheep":5,"minecraft:skeleton":2,"minecraft:zombie":2,"minecraft:pig":1,"minecraft:chicken":4,"simple_mobs:rat_small":1,"untamedwilds:boar":1,"minecraft:spider":2,"orcz:orcsavageweird":1,"orcz:orcsavage_2sword":1,"restored_earth:skeleton_wolf":1,"minecraft:creeper":1,"minecraft:cow":6},"minecraft:picked_up":{"hexerei:animal_fat":3,"minecraft:crafting_table":1,"immersive_weathering:sand_layer_block":3,"minecraft:feather":4,"orcz:orcteeth":1,"minecraft:chicken":9,"minecraft:salmon":1,"minecraft:leather":4,"paraglider:spirit_orb":1,"minecraft:porkchop":7,"minecraft:spruce_sapling":1,"minecraft:gunpowder":2,"minecraft:string":1,"minecraft:dirt":2,"untamedwilds:food_bear_cooked":5,"hexerei:sage_seed":8,"simple_mobs:lootbag":1,"minecraft:arrow":3,"minecraft:bone":6,"minecraft:rotten_flesh":1,"untamedwilds:material_fat":1,"minecraft:wheat_seeds":1,"minecraft:crossbow":1,"minecraft:beef":13,"minecraft:bread":9,"minecraft:light_gray_wool":2,"minecraft:iron_sword":1,"minecraft:mutton":7,"minecraft:white_wool":4,"minecraft:egg":3},"minecraft:mined":{"minecraft:crafting_table":1,"simple_mobs:nested_meat":3,"minecraft:grass":13,"minecraft:grass_block":1,"minecraft:dirt":1,"minecraft:tall_grass":8,"minecraft:fern":2},"minecraft:crafted":{"paraglider:paraglider":1,"minecraft:air":17},"minecraft:custom":{"minecraft:time_since_rest":4855,"champions:champion_mobs_killed":11,"minecraft:sprint_one_cm":335101,"minecraft:damage_taken":2650,"minecraft:walk_one_cm":793512,"minecraft:mob_kills":30,"minecraft:drop":6,"minecraft:damage_dealt":4977,"minecraft:damage_dealt_absorbed":770,"minecraft:interact_with_crafting_table":2,"minecraft:fly_one_cm":238249,"minecraft:open_chest":6,"minecraft:crouch_one_cm":6226,"minecraft:play_time":89769,"minecraft:deaths":10,"minecraft:sneak_time":494,"minecraft:walk_under_water_one_cm":4021,"minecraft:jump":812,"minecraft:leave_game":2,"minecraft:time_since_death":4821,"minecraft:walk_on_water_one_cm":2173,"minecraft:climb_one_cm":3132,"minecraft:total_world_time":89769,"minecraft:fall_one_cm":21882,"minecraft:horse_one_cm":977},"minecraft:used":{"minecraft:bread":14,"minecraft:light_gray_wool":1,"minecraft:dirt":2,"minecraft:spyglass":6,"minecraft:crafting_table":1,"epicfight:uchigatana":99},"minecraft:killed_by":{"simple_mobs:rat_mid":1,"orcz:orcsavagegroupleader":1,"minecraft:drowned":1,"guardvillagers:guard":1,"orcz:orcirongroupleader":1,"minecraft:spider":1,"dannys_expansion:floam":1},"minecraft:dropped":{"hexerei:sage_seed":4,"minecraft:wheat_seeds":1,"minecraft:rotten_flesh":1,"minecraft:light_gray_wool":1,"minecraft:salmon":1,"minecraft:spruce_sapling":1}},"DataVersion":2975}