{"stats":{"minecraft:killed_by":{"minecraft:spider":1,"minecraft:drowned":1,"dannys_expansion:floam":1},"minecraft:killed":{"minecraft:spider":2,"minecraft:zombie":2,"minecraft:pig":1,"minecraft:cow":6},"minecraft:custom":{"minecraft:time_since_rest":7476,"champions:champion_mobs_killed":4,"minecraft:crouch_one_cm":3564,"minecraft:play_time":39975,"minecraft:sprint_one_cm":133808,"minecraft:deaths":6,"minecraft:damage_taken":1581,"minecraft:walk_one_cm":290433,"minecraft:sneak_time":367,"minecraft:walk_under_water_one_cm":4021,"minecraft:mob_kills":12,"minecraft:jump":278,"minecraft:damage_dealt":2532,"minecraft:leave_game":1,"minecraft:walk_on_water_one_cm":1957,"minecraft:time_since_death":7423,"minecraft:climb_one_cm":236,"minecraft:total_world_time":39975,"minecraft:fly_one_cm":83781,"minecraft:damage_dealt_absorbed":434,"minecraft:fall_one_cm":10837,"minecraft:open_chest":5},"minecraft:used":{"minecraft:dirt":2,"minecraft:bread":4,"epicfight:uchigatana":55},"minecraft:picked_up":{"simple_mobs:lootbag":1,"hexerei:animal_fat":3,"hexerei:sage_seed":1,"minecraft:rotten_flesh":1,"minecraft:leather":4,"minecraft:wheat_seeds":1,"minecraft:porkchop":3,"minecraft:beef":10,"minecraft:bread":3,"minecraft:string":1,"minecraft:dirt":2},"minecraft:mined":{"minecraft:grass":11,"minecraft:grass_block":1,"minecraft:dirt":1,"minecraft:tall_grass":8,"minecraft:fern":2}},"DataVersion":2975}