{"stats":{"minecraft:killed":{"minecraft:cave_spider":3,"simple_mobs:hobgob":2,"simple_mobs:rat_small":1,"bloodandmadness:cloaked_beast_patient":1,"minecraft:spider":3,"goblinsanddungeons:goblin_king":1,"minecraft:skeleton":2,"bloodandmadness:brainsucker":1,"goblinsanddungeons:garch":7,"goblinsanddungeons:goom":1,"minecraft:chicken":10,"orcz:orcsavageweird":1,"restored_earth:skeleton_wolf":1,"irons_spellbooks:spectral_steed":1,"mimic:mimic":1,"friendsandfoes:copper_golem":1,"minecraft:pig":7,"simple_mobs:gobber":7,"simple_mobs:goom":2,"goblinsanddungeons:gob":1,"untamedwilds:boar":1,"minecraft:creeper":1,"simple_mobs:weak_ogre":1,"minecraft:sheep":5,"minecraft:pillager":10,"minecraft:zombie":4,"simple_mobs:gob":13,"simple_mobs:goblo":3,"orcz:orcsavage_2sword":1,"minecraft:cow":11},"minecraft:picked_up":{"minecraft:crafting_table":4,"minecraft:wheat":39,"minecraft:chicken":13,"simple_mobs:bundled_emerald":3,"minecraft:string":56,"minecraft:raw_copper":18,"minecraft:cobbled_deepslate":1,"minecraft:beef":23,"minecraft:iron_nugget":1,"minecraft:light_gray_wool":2,"minecraft:sugar_cane":6,"minecraft:birch_sapling":2,"minecraft:egg":8,"minecraft:furnace":1,"minecraft:stick":3,"minecraft:raw_iron":1,"apotheosis:gem":6,"immersive_weathering:sand_layer_block":3,"minecraft:copper_ingot":3,"minecraft:torch":3,"minecraft:porkchop":18,"bloodandmadness:beastblood_clump":2,"goblinsanddungeons:goblin_crown":2,"hexerei:sage_seed":8,"untamedwilds:food_bear_cooked":6,"minecraft:arrow":38,"minecraft:rotten_flesh":4,"minecraft:beetroot_seeds":4,"minecraft:mutton":7,"bloodandmadness:blood_stone_shard":1,"minecraft:white_wool":11,"minecraft:rail":12,"minecraft:cobblestone":26,"minecraft:feather":5,"orcz:orcteeth":1,"minecraft:tripwire_hook":1,"minecraft:salmon":1,"minecraft:leather":13,"minecraft:acacia_wood":13,"minecraft:potato":9,"paraglider:spirit_orb":1,"minecraft:tuff":1,"minecraft:gunpowder":4,"minecraft:dirt":16,"minecraft:lantern":1,"minecraft:name_tag":1,"simple_mobs:lootbag":1,"minecraft:bone":8,"minecraft:wheat_seeds":100,"untamedwilds:material_fat":1,"minecraft:bow":2,"minecraft:orange_tulip":2,"goblinsanddungeons:scoria_brick_slab":1,"minecraft:powered_rail":1,"minecraft:acacia_sapling":1,"minecraft:iron_sword":1,"hexerei:animal_fat":7,"minecraft:sweet_berries":12,"minecraft:gravel":1,"minecraft:spruce_sapling":1,"minecraft:spider_eye":2,"minecraft:leather_helmet":1,"bloodandmadness:bullets/quicksilver_bullet":1,"minecraft:crossbow":1,"minecraft:bread":9,"minecraft:emerald":19,"minecraft:coal":17},"minecraft:broken":{"jet_and_elias_armors:outrider_set_helmet":1},"minecraft:crafted":{"minecraft:cooked_chicken":6,"minecraft:furnace":1,"minecraft:cooked_mutton":7,"quark:acacia_chest":4,"sophisticatedbackpacks:copper_backpack":1,"minecraft:cooked_beef":20,"paraglider:paraglider":1,"sophisticatedbackpacks:backpack":1,"minecraft:cooked_porkchop":8,"minecraft:copper_ingot":6,"minecraft:air":59,"minecraft:stick":4},"minecraft:mined":{"minecraft:tuff":1,"minecraft:grass_block":6,"minecraft:spruce_fence":1,"goblinsanddungeons:urn":6,"minecraft:furnace":1,"minecraft:iron_ore":1,"treechop:chopped_log":1,"minecraft:potatoes":3,"minecraft:stone":18,"minecraft:white_wool":7,"minecraft:tripwire":1,"minecraft:crafting_table":3,"goblinsanddungeons:scoria_brick_slab":1,"minecraft:tall_grass":8,"minecraft:copper_ore":6,"minecraft:cobblestone":8,"minecraft:sugar_cane":2,"minecraft:wheat":39,"minecraft:sweet_berry_bush":5,"simple_mobs:nested_meat":3,"minecraft:grass":15,"minecraft:coal_ore":9,"minecraft:gravel":1,"minecraft:dirt":10,"minecraft:cobweb":58,"minecraft:oak_leaves":1,"minecraft:deepslate":1,"minecraft:fern":2},"minecraft:custom":{"lootr:looted_stat":10,"minecraft:mob_kills":113,"minecraft:interact_with_crafting_table":12,"minecraft:open_barrel":6,"minecraft:damage_dealt_resisted":52,"minecraft:leave_game":2,"minecraft:time_since_death":30364,"minecraft:climb_one_cm":11142,"champions:champion_mobs_killed":65,"minecraft:sprint_one_cm":731817,"minecraft:walk_one_cm":2015114,"minecraft:drop":18,"minecraft:damage_dealt_absorbed":2184,"minecraft:play_time":227769,"minecraft:deaths":18,"minecraft:sneak_time":2227,"minecraft:walk_under_water_one_cm":10240,"minecraft:jump":2324,"minecraft:walk_on_water_one_cm":7491,"minecraft:total_world_time":227769,"minecraft:interact_with_furnace":18,"minecraft:sleep_in_bed":1,"minecraft:time_since_rest":30397,"minecraft:waystone_activated":1,"minecraft:damage_taken":7764,"minecraft:damage_dealt":19292,"minecraft:fly_one_cm":1119657,"minecraft:player_kills":3,"minecraft:open_chest":26,"minecraft:crouch_one_cm":17970,"minecraft:fall_one_cm":54277,"minecraft:horse_one_cm":977},"minecraft:used":{"minecraft:iron_sword":69,"minecraft:cooked_chicken":6,"minecraft:dirt":4,"minecraft:spyglass":28,"untamedwilds:food_bear_cooked":5,"minecraft:light_gray_wool":1,"minecraft:furnace":1,"minecraft:cooked_beef":20,"minecraft:acacia_planks":6,"epicfight:skillbook":1,"minecraft:stone_pickaxe":56,"minecraft:wooden_pickaxe":3,"minecraft:crafting_table":4,"quark:acacia_chest":3,"minecraft:crossbow":3,"minecraft:bread":17,"minecraft:cobblestone":14,"minecraft:cooked_porkchop":8,"epicfight:uchigatana":349,"minecraft:experience_bottle":1},"minecraft:killed_by":{"minecraft:player":1,"orcz:orcirongroupleader":1,"minecraft:spider":1,"simple_mobs:rat_mid":1,"orcz:orcsavagegroupleader":1,"minecraft:drowned":1,"simple_mobs:goom":1,"goblinsanddungeons:goblin_king":3,"goblinsanddungeons:gob":1,"simple_mobs:gobber":1,"guardvillagers:guard":1,"goblinsanddungeons:garch":1,"dannys_expansion:floam":1},"minecraft:dropped":{"minecraft:wheat_seeds":1,"minecraft:leather":3,"minecraft:leather_helmet":1,"minecraft:torch":2,"minecraft:spruce_sapling":2,"goblinsanddungeons:goblin_crown":1,"hexerei:sage_seed":4,"simple_mobs:bundled_emerald":1,"minecraft:birch_sapling":1,"minecraft:rotten_flesh":1,"minecraft:light_gray_wool":1,"minecraft:salmon":1,"minecraft:gunpowder":2,"minecraft:acacia_sapling":1}},"DataVersion":2975}