{"stats":{"minecraft:dropped":{"biomesoplenty:maple_sapling":1,"minecraft:cobblestone":14,"minecraft:stick":1,"minecraft:iron_pickaxe":1,"artifacts:feral_claws":1,"minecraft:bucket":1,"minecraft:cobbled_deepslate":136,"apotheosis:gem":1,"minecraft:chainmail_boots":1},"minecraft:custom":{"minecraft:mob_kills":11,"minecraft:interact_with_crafting_table":11,"minecraft:open_barrel":30,"minecraft:damage_dealt_resisted":0,"minecraft:leave_game":5,"minecraft:time_since_death":279111,"minecraft:sprint_one_cm":211919,"minecraft:walk_one_cm":217695,"minecraft:drop":12,"minecraft:talked_to_villager":2,"minecraft:play_time":308056,"minecraft:sneak_time":25656,"minecraft:deaths":1,"minecraft:walk_under_water_one_cm":912656,"minecraft:jump":1246,"minecraft:walk_on_water_one_cm":161999,"minecraft:total_world_time":308056,"minecraft:interact_with_furnace":7,"minecraft:time_since_rest":279131,"minecraft:damage_taken":537,"minecraft:damage_dealt":2073,"minecraft:swim_one_cm":581,"minecraft:fly_one_cm":983768,"minecraft:open_chest":60,"minecraft:crouch_one_cm":2746,"minecraft:fall_one_cm":26745},"minecraft:picked_up":{"crystalcraft_unlimited_java:flourite":1,"crystalcraft_unlimited_java:raw_silicon":1,"mekanism:raw_uranium":10,"crystalcraft_unlimited_java:amber":3,"minecraft:lead":3,"crystalcraft_unlimited_java:ruby":4,"crystalcraft_unlimited_java:jade":2,"forbidden_arcanus:xpetrified_orb":4,"crystalcraft_unlimited_java:opal":1,"minecraft:raw_copper":68,"artifacts:feral_claws":1,"crystalcraft_unlimited_java:kunzite":4,"crystalcraft_unlimited_java:tanzanite":2,"minecraft:item_frame":1,"minecraft:armor_stand":6,"crystalcraft_unlimited_java:brickerite":1,"mysticalagriculture:inferium_essence":48,"minecraft:cobbled_deepslate":136,"crystalcraft_unlimited_java:peridot":4,"minecraft:calcite":1,"minecraft:iron_nugget":28,"create:contraption_controls":1,"crystalcraft_unlimited_java:sonoranite":1,"crystalcraft_unlimited_java:sapphire":2,"minecraft:furnace":1,"minecraft:golden_helmet":4,"minecraft:raw_iron":105,"apotheosis:gem":1,"minecraft:torch":18,"mysticalagriculture:prosperity_shard":49,"crystalcraft_unlimited_java:zircon_10":1,"crystalcraft_unlimited_java:saphire":4,"create:redstone_contact":2,"minecraft:stone_button":1,"minecraft:redstone":167,"crystalcraft_unlimited_java:amethyst":8,"mekanism:raw_tin":27,"minecraft:stone_pressure_plate":1,"minecraft:rotten_flesh":3,"minecraft:hay_block":10,"supplementaries:antique_ink":1,"minecraft:iron_block":1,"supplementaries:ash":6,"forbidden_arcanus:spawner_scrap":1,"minecraft:cobblestone":215,"crystalcraft_unlimited_java:raw_lead":1,"crystalcraft_unlimited_java:citrine":1,"crystalcraft_unlimited_java:ametrine":8,"crystalcraft_unlimited_java:black_opal":3,"minecraft:glow_ink_sac":7,"crystalcraft_unlimited_java:raw_chrome":10,"minecraft:leather":2,"minecraft:golden_leggings":4,"mna:runeforge":1,"malum:cluster_of_brilliance":4,"croptopia:glowing_calamari":2,"crystalcraft_unlimited_java:rare_sapphire":2,"crystalcraft_unlimited_java:rutile":5,"minecraft:flint":1,"minecraft:tuff":2,"create:raw_zinc":32,"minecraft:oak_log":12,"crystalcraft_unlimited_java:garnet":4,"crystalcraft_unlimited_java:matizium":1,"croptopia:celery":1,"minecraft:lapis_lazuli":108,"minecraft:dirt":3,"minecraft:lantern":1,"crystalcraft_unlimited_java:grandidierite":12,"naturalist:bass":4,"crystalcraft_unlimited_java:aquamarine":4,"crystalcraft_unlimited_java:topaz":7,"minecraft:bone":2,"crystalcraft_unlimited_java:malachite":3,"minecraft:raw_gold":33,"crystalcraft_unlimited_java:tourmaline":2,"minecraft:iron_ingot":2,"crystalcraft_unlimited_java:pink_ruby":2,"crystalcraft_unlimited_java:cyan_emerald":1,"crystalcraft_unlimited_java:chalcanthite":1,"crystalcraft_unlimited_java:chrysolite":3,"mna:cerublossom":1,"crystalcraft_unlimited_java:stibnite":4,"crystalcraft_unlimited_java:cinnabar":3,"malum:raw_soulstone":2,"mna:raw_vinteum":53,"crystalcraft_unlimited_java:indigolite":1,"mna:runescribing_table":1,"crystalcraft_unlimited_java:raw_silver":6,"crystalcraft_unlimited_java:zircon_12":1,"crystalcraft_unlimited_java:zircon_11":1,"minecraft:gravel":7,"croptopia:celery_seed":2,"crystalcraft_unlimited_java:prism":6,"crystalcraft_unlimited_java:watermelon_tourmaline":2,"crystalcraft_unlimited_java:palintinium":5,"crystalcraft_unlimited_java:ammolite":2,"crystalcraft_unlimited_java:uranium":1,"mekanism:raw_osmium":5,"forbidden_arcanus:arcane_crystal":25,"biomesoplenty:maple_sapling":2,"minecraft:diamond":6,"evilcraft:dark_gem":90,"mekanism:fluorite_gem":5,"crystalcraft_unlimited_java:sugillite":4,"crystalcraft_unlimited_java:raw_magnesium":5,"minecraft:coal":34,"iceandfire:raw_silver":6},"minecraft:broken":{"minecraft:iron_pickaxe":3},"minecraft:used":{"quark:calcite_bricks_stairs":14,"create:calcite_pillar":253,"minecraft:netherite_sword":17,"minecraft:redstone":1,"quark:calcite_bricks":1589,"minecraft:stone":226,"minecraft:torch":13,"iceandfire:silver_ore":1,"minecraft:dirt":8,"create:copper_casing":56,"create:redstone_contact":33,"minecraft:glass":1705,"create:controls":1,"create:wrench":57,"minecraft:grass_block":756,"create:rose_quartz_lamp":1,"create:zinc_ore":1,"create:creative_motor":6,"create:polished_cut_calcite_stairs":8,"create:horizontal_framed_glass_pane":43,"create:polished_cut_calcite":3,"create:shaft":35,"minecraft:furnace":1,"quark:polished_calcite_slab":275,"minecraft:water_bucket":26,"minecraft:redstone_block":5,"minecraft:crafting_table":1,"quark:polished_calcite_stairs":80,"minecraft:sponge":17,"create:layered_calcite":1224,"minecraft:oak_log":3,"minecraft:iron_pickaxe":983,"minecraft:bread":4,"minecraft:stone_button":7,"minecraft:deepslate":20,"create:andesite_casing":54,"create:contraption_controls":6,"quark:stripped_ancient_post":15,"minecraft:cobblestone":15,"quark:calcite_bricks_wall":70,"minecraft:glass_pane":54,"create:framed_glass_door":2,"quark:oak_chest":3,"create:elevator_pulley":6,"create:redstone_link":3},"minecraft:crafted":{"minecraft:oak_planks":36,"minecraft:raw_iron":27,"minecraft:furnace":1,"minecraft:wheat":90,"minecraft:crafting_table":1,"minecraft:bread":30,"minecraft:air":0,"minecraft:raw_gold":45,"minecraft:stick":12,"quark:oak_chest":3,"minecraft:iron_ingot":10,"minecraft:iron_pickaxe":4,"minecraft:torch":4},"minecraft:killed":{"vampirism:vampire":1,"minecraft:wandering_trader":2,"minecraft:trader_llama":4,"minecraft:zombie":1,"alexsmobs:terrapin":1,"enemyexpansion:wasp":1},"minecraft:mined":{"create:zinc_ore":7,"crystalcraft_unlimited_java:saphire_ore":4,"crystalcraft_unlimited_java:topaz_ore":4,"mysticalagriculture:prosperity_ore":6,"crystalcraft_unlimited_java:zircon_ore":3,"create:deepslate_zinc_ore":25,"minecraft:tuff":2,"crystalcraft_unlimited_java:deepslate_saphire_ore":1,"crystalcraft_unlimited_java:deepslate_ametyst_ore":2,"iceandfire:silver_ore":2,"crystalcraft_unlimited_java:ametrine_ore":8,"crystalcraft_unlimited_java:deepslate_grand_ore":7,"minecraft:deepslate_diamond_ore":6,"crystalcraft_unlimited_java:rare_sapphire_ore":1,"crystalcraft_unlimited_java:chrome_ore":10,"crystalcraft_unlimited_java:deepslate_topaz_ore":3,"crystalcraft_unlimited_java:opal_ore":1,"crystalcraft_unlimited_java:indigolite_ore":1,"crystalcraft_unlimited_java:silicium_ore":1,"minecraft:grass_block":1,"crystalcraft_unlimited_java:palintinium_ore":5,"crystalcraft_unlimited_java:cinnabar_ore":3,"crystalcraft_unlimited_java:watermelon_tourmaline_ore":2,"iceandfire:deepslate_silver_ore":4,"crystalcraft_unlimited_java:chalcanthite_ore":1,"crystalcraft_unlimited_java:amethyst_ore":6,"mna:vinteum_ore":53,"mysticalagriculture:inferium_ore":2,"minecraft:spawner":1,"crystalcraft_unlimited_java:deepslate_citrine_ore":1,"minecraft:hay_block":10,"forbidden_arcanus:deepslate_arcane_crystal_ore":27,"crystalcraft_unlimited_java:deepslate_tanzanite_ore":2,"minecraft:furnace":1,"minecraft:iron_ore":7,"crystalcraft_unlimited_java:deepslate_peridot_ore":4,"minecraft:deepslate_lapis_ore":16,"crystalcraft_unlimited_java:pink_ruby_ore":2,"evilcraft:dark_ore":1,"crystalcraft_unlimited_java:grandidierite_ore":5,"crystalcraft_unlimited_java:sapphire_ore":1,"mna:runescribing_table":1,"crystalcraft_unlimited_java:prism_ore":5,"minecraft:deepslate_iron_ore":99,"minecraft:dirt_path":1,"crystalcraft_unlimited_java:deepslate_tourmaline_ore":2,"minecraft:lantern":1,"crystalcraft_unlimited_java:jade_ore":2,"crystalcraft_unlimited_java:amber_ore":3,"minecraft:stone":202,"minecraft:iron_block":1,"crystalcraft_unlimited_java:rare_amethyst_ore":1,"crystalcraft_unlimited_java:silver_ore":2,"crystalcraft_unlimited_java:sonoranite_ore":1,"crystalcraft_unlimited_java:matizium_ore":1,"crystalcraft_unlimited_java:flourite_ore":1,"crystalcraft_unlimited_java:deepslate_prism_ore":1,"minecraft:deepslate_redstone_ore":38,"crystalcraft_unlimited_java:chrysolite_ore":3,"crystalcraft_unlimited_java:kunzite_ore":4,"mekanism:osmium_ore":5,"crystalcraft_unlimited_java:deepslate_malachite_ore":3,"crystalcraft_unlimited_java:deepslate_magnesium_ore":5,"crystalcraft_unlimited_java:deepslate_ruby_ore":4,"crystalcraft_unlimited_java:deepslate_uranium_ore":1,"minecraft:torch":1,"crystalcraft_unlimited_java:sugillite_ore":4,"minecraft:calcite":1,"mekanism:tin_ore":8,"malum:brilliant_deepslate":4,"minecraft:copper_ore":10,"malum:deepslate_soulstone_ore":2,"minecraft:tall_grass":1,"minecraft:cobblestone":1,"minecraft:deepslate_gold_ore":33,"crystalcraft_unlimited_java:deepslate_silver_ore":5,"crystalcraft_unlimited_java:cyan_emerald_ore":1,"crystalcraft_unlimited_java:stibnite_ore":4,"minecraft:wall_torch":4,"crystalcraft_unlimited_java:lithium_ore":1,"crystalcraft_unlimited_java:rare_deepslate_sapphire_ore":1,"minecraft:deepslate_copper_ore":10,"supplementaries:urn":5,"crystalcraft_unlimited_java:deepslate_ammolite_ore":2,"mna:runeforge":1,"crystalcraft_unlimited_java:lead_ore":1,"forbidden_arcanus:xpetrified_ore":4,"evilcraft:dark_ore_deepslate":19,"crystalcraft_unlimited_java:deepslate_black_opal_ore":1,"crystalcraft_unlimited_java:aquamarine_ore":1,"crystalcraft_unlimited_java:deepslate_garnet_ore":4,"crystalcraft_unlimited_java:black_opal_ore":2,"minecraft:grass":10,"mekanism:deepslate_tin_ore":20,"mna:pedestal":1,"minecraft:coal_ore":19,"minecraft:oak_log":10,"crystalcraft_unlimited_java:deepslate_aquamarine_ore":4,"crystalcraft_unlimited_java:brickerite_ore":2,"minecraft:gravel":8,"mekanism:deepslate_fluorite_ore":2,"minecraft:dirt":2,"mekanism:deepslate_uranium_ore":11,"mysticalagriculture:deepslate_prosperity_ore":17,"crystalcraft_unlimited_java:rutile_ore":5,"mysticalagriculture:deepslate_inferium_ore":11,"minecraft:deepslate":70}},"DataVersion":3465}