{"stats":{"minecraft:crafted":{"minecraft:oak_planks":36,"minecraft:furnace":1,"minecraft:wheat":90,"minecraft:crafting_table":1,"minecraft:bread":30,"minecraft:air":0,"minecraft:raw_gold":45,"minecraft:stick":12,"quark:oak_chest":3,"minecraft:iron_ingot":10,"minecraft:iron_pickaxe":4,"minecraft:torch":4},"minecraft:custom":{"minecraft:mob_kills":3,"minecraft:interact_with_crafting_table":11,"minecraft:open_barrel":24,"minecraft:damage_dealt_resisted":0,"minecraft:leave_game":3,"minecraft:time_since_death":19136,"minecraft:sprint_one_cm":145769,"minecraft:walk_one_cm":93509,"minecraft:drop":7,"minecraft:talked_to_villager":1,"minecraft:play_time":48081,"minecraft:deaths":1,"minecraft:sneak_time":413,"minecraft:walk_under_water_one_cm":419,"minecraft:jump":568,"minecraft:walk_on_water_one_cm":1503,"minecraft:total_world_time":48081,"minecraft:interact_with_furnace":7,"minecraft:time_since_rest":19156,"minecraft:damage_taken":487,"minecraft:damage_dealt":697,"minecraft:swim_one_cm":581,"minecraft:fly_one_cm":99677,"minecraft:open_chest":28,"minecraft:crouch_one_cm":1493,"minecraft:fall_one_cm":14604},"minecraft:killed":{"vampirism:vampire":1,"minecraft:zombie":1,"enemyexpansion:wasp":1},"minecraft:mined":{"create:zinc_ore":7,"crystalcraft_unlimited_java:saphire_ore":4,"crystalcraft_unlimited_java:topaz_ore":4,"mysticalagriculture:prosperity_ore":6,"crystalcraft_unlimited_java:zircon_ore":3,"create:deepslate_zinc_ore":25,"minecraft:tuff":2,"crystalcraft_unlimited_java:deepslate_saphire_ore":1,"crystalcraft_unlimited_java:deepslate_ametyst_ore":2,"iceandfire:silver_ore":2,"crystalcraft_unlimited_java:ametrine_ore":8,"minecraft:deepslate_diamond_ore":4,"crystalcraft_unlimited_java:deepslate_grand_ore":7,"crystalcraft_unlimited_java:rare_sapphire_ore":1,"crystalcraft_unlimited_java:chrome_ore":10,"crystalcraft_unlimited_java:deepslate_topaz_ore":3,"crystalcraft_unlimited_java:opal_ore":1,"crystalcraft_unlimited_java:silicium_ore":1,"crystalcraft_unlimited_java:indigolite_ore":1,"crystalcraft_unlimited_java:cinnabar_ore":3,"crystalcraft_unlimited_java:watermelon_tourmaline_ore":2,"iceandfire:deepslate_silver_ore":2,"crystalcraft_unlimited_java:amethyst_ore":6,"mna:vinteum_ore":41,"mysticalagriculture:inferium_ore":2,"minecraft:spawner":1,"crystalcraft_unlimited_java:deepslate_citrine_ore":1,"minecraft:hay_block":10,"forbidden_arcanus:deepslate_arcane_crystal_ore":4,"minecraft:furnace":1,"minecraft:iron_ore":7,"crystalcraft_unlimited_java:deepslate_peridot_ore":2,"minecraft:deepslate_lapis_ore":6,"crystalcraft_unlimited_java:pink_ruby_ore":1,"evilcraft:dark_ore":1,"crystalcraft_unlimited_java:grandidierite_ore":5,"crystalcraft_unlimited_java:sapphire_ore":1,"mna:runescribing_table":1,"crystalcraft_unlimited_java:deepslate_tourmaline_ore":1,"minecraft:deepslate_iron_ore":48,"minecraft:dirt_path":1,"crystalcraft_unlimited_java:prism_ore":5,"minecraft:lantern":1,"crystalcraft_unlimited_java:jade_ore":2,"crystalcraft_unlimited_java:amber_ore":3,"minecraft:stone":201,"minecraft:iron_block":1,"crystalcraft_unlimited_java:rare_amethyst_ore":1,"crystalcraft_unlimited_java:matizium_ore":1,"crystalcraft_unlimited_java:silver_ore":2,"crystalcraft_unlimited_java:sonoranite_ore":1,"crystalcraft_unlimited_java:flourite_ore":1,"crystalcraft_unlimited_java:deepslate_prism_ore":1,"minecraft:deepslate_redstone_ore":30,"crystalcraft_unlimited_java:chrysolite_ore":3,"crystalcraft_unlimited_java:kunzite_ore":4,"mekanism:osmium_ore":5,"crystalcraft_unlimited_java:deepslate_malachite_ore":3,"crystalcraft_unlimited_java:deepslate_magnesium_ore":5,"crystalcraft_unlimited_java:deepslate_ruby_ore":4,"minecraft:torch":1,"crystalcraft_unlimited_java:sugillite_ore":4,"minecraft:calcite":1,"mekanism:tin_ore":8,"malum:deepslate_soulstone_ore":2,"minecraft:copper_ore":10,"crystalcraft_unlimited_java:deepslate_silver_ore":4,"minecraft:deepslate_gold_ore":11,"crystalcraft_unlimited_java:cyan_emerald_ore":1,"minecraft:wall_torch":4,"crystalcraft_unlimited_java:stibnite_ore":4,"crystalcraft_unlimited_java:lithium_ore":1,"supplementaries:urn":5,"crystalcraft_unlimited_java:deepslate_ammolite_ore":2,"crystalcraft_unlimited_java:deepslate_black_opal_ore":1,"mna:runeforge":1,"forbidden_arcanus:xpetrified_ore":4,"evilcraft:dark_ore_deepslate":4,"crystalcraft_unlimited_java:lead_ore":1,"crystalcraft_unlimited_java:aquamarine_ore":1,"crystalcraft_unlimited_java:black_opal_ore":2,"mekanism:deepslate_tin_ore":20,"mna:pedestal":1,"minecraft:coal_ore":19,"minecraft:oak_log":10,"crystalcraft_unlimited_java:deepslate_aquamarine_ore":4,"crystalcraft_unlimited_java:brickerite_ore":2,"minecraft:gravel":8,"mekanism:deepslate_fluorite_ore":2,"minecraft:dirt":2,"mekanism:deepslate_uranium_ore":8,"mysticalagriculture:deepslate_prosperity_ore":16,"crystalcraft_unlimited_java:rutile_ore":5,"mysticalagriculture:deepslate_inferium_ore":11,"minecraft:deepslate":35},"minecraft:used":{"minecraft:torch":6,"minecraft:furnace":1,"minecraft:crafting_table":1,"minecraft:oak_log":3,"minecraft:bread":4,"minecraft:iron_pickaxe":752,"minecraft:cobblestone":15,"quark:oak_chest":3},"minecraft:dropped":{"biomesoplenty:maple_sapling":1,"minecraft:cobblestone":14,"minecraft:stick":1,"minecraft:iron_pickaxe":1,"artifacts:feral_claws":1,"minecraft:cobbled_deepslate":2},"minecraft:picked_up":{"crystalcraft_unlimited_java:flourite":1,"mekanism:raw_uranium":8,"crystalcraft_unlimited_java:raw_silicon":1,"crystalcraft_unlimited_java:amber":3,"crystalcraft_unlimited_java:ruby":4,"crystalcraft_unlimited_java:jade":2,"forbidden_arcanus:xpetrified_orb":4,"crystalcraft_unlimited_java:opal":1,"minecraft:raw_copper":38,"crystalcraft_unlimited_java:kunzite":4,"artifacts:feral_claws":1,"minecraft:armor_stand":6,"minecraft:item_frame":1,"crystalcraft_unlimited_java:brickerite":1,"mysticalagriculture:inferium_essence":45,"minecraft:cobbled_deepslate":36,"crystalcraft_unlimited_java:peridot":2,"minecraft:calcite":1,"minecraft:iron_nugget":28,"crystalcraft_unlimited_java:sonoranite":1,"crystalcraft_unlimited_java:sapphire":2,"minecraft:furnace":1,"minecraft:golden_helmet":4,"minecraft:raw_iron":54,"minecraft:torch":13,"mysticalagriculture:prosperity_shard":46,"crystalcraft_unlimited_java:zircon_10":1,"crystalcraft_unlimited_java:saphire":4,"minecraft:redstone":132,"crystalcraft_unlimited_java:amethyst":8,"mekanism:raw_tin":27,"minecraft:stone_pressure_plate":1,"minecraft:rotten_flesh":3,"supplementaries:antique_ink":1,"minecraft:hay_block":10,"minecraft:iron_block":1,"supplementaries:ash":6,"forbidden_arcanus:spawner_scrap":1,"minecraft:cobblestone":213,"crystalcraft_unlimited_java:raw_lead":1,"crystalcraft_unlimited_java:citrine":1,"crystalcraft_unlimited_java:ametrine":8,"crystalcraft_unlimited_java:black_opal":3,"crystalcraft_unlimited_java:raw_chrome":10,"minecraft:golden_leggings":4,"mna:runeforge":1,"crystalcraft_unlimited_java:rare_sapphire":1,"crystalcraft_unlimited_java:rutile":5,"minecraft:flint":1,"minecraft:tuff":2,"create:raw_zinc":32,"minecraft:oak_log":12,"crystalcraft_unlimited_java:matizium":1,"croptopia:celery":1,"minecraft:lapis_lazuli":43,"minecraft:dirt":3,"minecraft:lantern":1,"crystalcraft_unlimited_java:grandidierite":12,"crystalcraft_unlimited_java:aquamarine":4,"crystalcraft_unlimited_java:topaz":7,"minecraft:bone":2,"crystalcraft_unlimited_java:malachite":3,"minecraft:raw_gold":11,"crystalcraft_unlimited_java:tourmaline":1,"minecraft:iron_ingot":2,"crystalcraft_unlimited_java:pink_ruby":1,"crystalcraft_unlimited_java:cyan_emerald":1,"crystalcraft_unlimited_java:chrysolite":3,"mna:cerublossom":1,"crystalcraft_unlimited_java:stibnite":4,"crystalcraft_unlimited_java:cinnabar":3,"malum:raw_soulstone":2,"mna:raw_vinteum":41,"crystalcraft_unlimited_java:indigolite":1,"minecraft:gravel":7,"mna:runescribing_table":1,"crystalcraft_unlimited_java:zircon_12":1,"crystalcraft_unlimited_java:raw_silver":6,"crystalcraft_unlimited_java:zircon_11":1,"croptopia:celery_seed":2,"crystalcraft_unlimited_java:watermelon_tourmaline":2,"crystalcraft_unlimited_java:prism":6,"crystalcraft_unlimited_java:ammolite":2,"mekanism:raw_osmium":5,"forbidden_arcanus:arcane_crystal":4,"biomesoplenty:maple_sapling":2,"minecraft:diamond":4,"evilcraft:dark_gem":22,"mekanism:fluorite_gem":5,"crystalcraft_unlimited_java:raw_magnesium":5,"crystalcraft_unlimited_java:sugillite":4,"minecraft:coal":34,"iceandfire:raw_silver":4},"minecraft:broken":{"minecraft:iron_pickaxe":2}},"DataVersion":3465}