{"stats":{"minecraft:crafted":{"minecraft:crafting_table":1,"ecologics:coconut_planks":12,"minecraft:stick":4,"minecraft:wooden_pickaxe":1,"minecraft:bread":16,"minecraft:wheat":45},"minecraft:picked_up":{"biomesoplenty:lavender":3,"ecologics:coconut_slice":2,"minecraft:torch":1,"minecraft:oak_log":8,"minecraft:dirt":19,"botania:black_mystical_flower":2,"born_in_chaos_v1:fire_dust":1,"mysticalagriculture:inferium_essence":1,"ecologics:coconut_log":3,"minecraft:hay_block":5,"minecraft:oak_sapling":2,"botania:brown_mystical_flower":1},"minecraft:used":{"minecraft:netherite_sword":6,"minecraft:bread":3,"minecraft:iron_pickaxe":5,"minecraft:wooden_pickaxe":13,"minecraft:crafting_table":1},"minecraft:killed":{"born_in_chaos_v1:firelight_not_despawn":1},"minecraft:mined":{"minecraft:hay_block":5,"biomesoplenty:lavender":3,"minecraft:grass":1,"biomesoplenty:bush":1,"minecraft:grass_block":17,"minecraft:oak_log":8,"biomesoplenty:flowering_oak_leaves":2,"minecraft:dirt":2,"ecologics:coconut_log":3,"minecraft:wall_torch":1,"minecraft:oak_leaves":5,"botania:black_mystical_flower":2},"minecraft:custom":{"minecraft:time_since_rest":25970,"minecraft:sprint_one_cm":43055,"minecraft:walk_one_cm":25311,"minecraft:damage_taken":170,"minecraft:mob_kills":1,"minecraft:damage_dealt":149,"minecraft:interact_with_crafting_table":3,"minecraft:fly_one_cm":124908,"minecraft:open_chest":2,"minecraft:crouch_one_cm":53,"minecraft:play_time":25970,"minecraft:sneak_time":155,"minecraft:jump":234,"minecraft:damage_dealt_resisted":0,"minecraft:walk_on_water_one_cm":381,"minecraft:time_since_death":25970,"minecraft:total_world_time":25970,"minecraft:fall_one_cm":8065}},"DataVersion":3465}