{"stats":{"minecraft:killed":{"friendsandfoes:copper_golem":1,"minecraft:cave_spider":3,"minecraft:pig":2,"simple_mobs:rat_small":1,"minecraft:spider":3,"untamedwilds:boar":1,"minecraft:creeper":1,"minecraft:sheep":5,"minecraft:skeleton":2,"minecraft:pillager":5,"minecraft:zombie":3,"minecraft:chicken":4,"orcz:orcsavageweird":1,"orcz:orcsavage_2sword":1,"restored_earth:skeleton_wolf":1,"minecraft:cow":10},"minecraft:picked_up":{"minecraft:crafting_table":2,"minecraft:feather":4,"orcz:orcteeth":1,"minecraft:chicken":9,"minecraft:salmon":1,"minecraft:leather":9,"minecraft:acacia_wood":13,"paraglider:spirit_orb":1,"minecraft:gunpowder":2,"minecraft:dirt":2,"minecraft:string":54,"minecraft:raw_copper":18,"simple_mobs:lootbag":1,"minecraft:bone":6,"untamedwilds:material_fat":1,"minecraft:orange_tulip":2,"minecraft:wheat_seeds":1,"minecraft:beef":20,"minecraft:light_gray_wool":2,"minecraft:iron_sword":1,"minecraft:acacia_sapling":1,"minecraft:egg":4,"hexerei:animal_fat":5,"minecraft:raw_iron":1,"minecraft:stick":3,"immersive_weathering:sand_layer_block":3,"minecraft:sweet_berries":12,"minecraft:copper_ingot":3,"minecraft:torch":1,"minecraft:porkchop":8,"minecraft:spruce_sapling":1,"minecraft:spider_eye":2,"bloodandmadness:bullets/quicksilver_bullet":1,"hexerei:sage_seed":8,"untamedwilds:food_bear_cooked":5,"minecraft:arrow":12,"minecraft:rotten_flesh":3,"minecraft:crossbow":1,"minecraft:bread":9,"minecraft:coal":9,"minecraft:mutton":7,"minecraft:white_wool":11,"minecraft:cobblestone":22},"minecraft:mined":{"minecraft:crafting_table":2,"minecraft:grass_block":1,"minecraft:copper_ore":6,"minecraft:tall_grass":8,"minecraft:cobblestone":8,"minecraft:iron_ore":1,"minecraft:sweet_berry_bush":5,"treechop:chopped_log":1,"simple_mobs:nested_meat":3,"minecraft:grass":15,"minecraft:coal_ore":9,"minecraft:dirt":1,"minecraft:cobweb":58,"minecraft:stone":14,"minecraft:white_wool":7,"minecraft:fern":2},"minecraft:custom":{"lootr:looted_stat":1,"minecraft:mob_kills":47,"minecraft:interact_with_crafting_table":7,"minecraft:open_barrel":6,"minecraft:leave_game":2,"minecraft:time_since_death":34821,"minecraft:climb_one_cm":3132,"minecraft:time_since_rest":34855,"champions:champion_mobs_killed":21,"minecraft:sprint_one_cm":391722,"minecraft:damage_taken":3238,"minecraft:walk_one_cm":1040901,"minecraft:drop":8,"minecraft:damage_dealt":7508,"minecraft:damage_dealt_absorbed":896,"minecraft:fly_one_cm":343188,"minecraft:open_chest":6,"minecraft:crouch_one_cm":11038,"minecraft:play_time":119769,"minecraft:deaths":10,"minecraft:sneak_time":1443,"minecraft:walk_under_water_one_cm":4021,"minecraft:jump":1071,"minecraft:walk_on_water_one_cm":2173,"minecraft:total_world_time":119769,"minecraft:fall_one_cm":27053,"minecraft:horse_one_cm":977},"minecraft:crafted":{"paraglider:paraglider":1,"sophisticatedbackpacks:backpack":1,"minecraft:air":43,"quark:acacia_chest":4,"minecraft:stick":4},"minecraft:killed_by":{"orcz:orcirongroupleader":1,"minecraft:spider":1,"simple_mobs:rat_mid":1,"orcz:orcsavagegroupleader":1,"minecraft:drowned":1,"guardvillagers:guard":1,"dannys_expansion:floam":1},"minecraft:used":{"minecraft:stone_pickaxe":35,"minecraft:wooden_pickaxe":3,"minecraft:iron_sword":69,"minecraft:dirt":2,"minecraft:spyglass":28,"minecraft:crafting_table":3,"minecraft:crossbow":3,"untamedwilds:food_bear_cooked":5,"minecraft:bread":17,"minecraft:light_gray_wool":1,"minecraft:cobblestone":14,"epicfight:uchigatana":141},"minecraft:dropped":{"hexerei:sage_seed":4,"minecraft:wheat_seeds":1,"minecraft:rotten_flesh":1,"minecraft:light_gray_wool":1,"minecraft:salmon":1,"minecraft:acacia_sapling":1,"minecraft:spruce_sapling":2}},"DataVersion":2975}