{"stats":{"minecraft:killed":{"minecraft:cave_spider":3,"simple_mobs:hobgob":2,"simple_mobs:rat_small":1,"bloodandmadness:cloaked_beast_patient":2,"minecraft:spider":3,"goblinsanddungeons:goblin_king":1,"minecraft:skeleton":9,"bloodandmadness:brainsucker":2,"goblinsanddungeons:garch":7,"goblinsanddungeons:goom":1,"minecraft:chicken":10,"orcz:orcsavageweird":1,"restored_earth:skeleton_wolf":1,"irons_spellbooks:spectral_steed":1,"mimic:mimic":1,"friendsandfoes:copper_golem":1,"minecraft:pig":7,"simple_mobs:gobber":7,"dannys_expansion:floam":1,"simple_mobs:goom":2,"goblinsanddungeons:gob":1,"untamedwilds:boar":1,"majruszsdifficulty:cursed_armor":3,"minecraft:creeper":1,"simple_mobs:weak_ogre":1,"minecraft:sheep":5,"minecraft:pillager":10,"minecraft:zombie":14,"simple_mobs:skeleton_demon":1,"simple_mobs:gob":13,"simple_mobs:goblo":3,"simple_mobs:cave_blockhead":1,"orcz:orcsavage_2sword":1,"minecraft:cow":11},"minecraft:picked_up":{"minecraft:crafting_table":4,"minecraft:wheat":39,"minecraft:chicken":13,"quark:dark_oak_chest":1,"minecraft:cornflower":1,"simple_mobs:bundled_emerald":3,"minecraft:string":56,"minecraft:raw_copper":225,"minecraft:blue_orchid":1,"quark:spruce_chest":1,"minecraft:cobbled_deepslate":1,"minecraft:beef":23,"minecraft:iron_nugget":1,"minecraft:light_gray_wool":2,"minecraft:sugar_cane":6,"minecraft:chest":2,"minecraft:birch_sapling":2,"bloodandmadness:pure_quicksilver":1,"minecraft:egg":8,"minecraft:furnace":1,"minecraft:stick":5,"minecraft:raw_iron":68,"apotheosis:gem":7,"immersive_weathering:sand_layer_block":3,"minecraft:copper_ingot":3,"minecraft:oak_fence":1,"minecraft:torch":5,"minecraft:porkchop":25,"minecraft:redstone":39,"bloodandmadness:beastblood_clump":3,"goblinsanddungeons:goblin_crown":2,"hexerei:sage_seed":9,"untamedwilds:food_bear_cooked":6,"minecraft:arrow":43,"minecraft:rotten_flesh":14,"minecraft:beetroot_seeds":4,"minecraft:mutton":7,"bloodandmadness:blood_stone_shard":1,"minecraft:white_wool":11,"minecraft:rail":12,"minecraft:cobblestone":116,"minecraft:leather_chestplate":1,"minecraft:feather":5,"orcz:orcteeth":1,"minecraft:glow_ink_sac":9,"minecraft:andesite":10,"minecraft:tripwire_hook":1,"minecraft:salmon":1,"minecraft:leather":13,"minecraft:acacia_wood":44,"minecraft:potato":9,"paraglider:spirit_orb":1,"minecraft:tuff":1,"create:raw_zinc":16,"minecraft:gunpowder":4,"simple_mobs:crystal_helmet":1,"minecraft:lapis_lazuli":55,"minecraft:dirt":22,"minecraft:lantern":1,"minecraft:name_tag":1,"simple_mobs:lootbag":1,"minecraft:bone":15,"minecraft:stone_bricks":3,"supplementaries:goblet":1,"minecraft:wheat_seeds":105,"untamedwilds:material_fat":1,"minecraft:bow":2,"minecraft:orange_tulip":2,"goblinsanddungeons:scoria_brick_slab":1,"minecraft:iron_ingot":1,"dannys_expansion:yellow_spores":4,"minecraft:mossy_stone_bricks":2,"minecraft:powered_rail":1,"simple_mobs:cavefragment":2,"minecraft:acacia_sapling":2,"minecraft:iron_sword":1,"hexerei:animal_fat":7,"epicfight:stone_greatsword":1,"supplementaries:sack":2,"minecraft:sweet_berries":12,"minecraft:gravel":1,"minecraft:stripped_spruce_log":31,"minecraft:spruce_sapling":4,"minecraft:mossy_cobblestone":2,"minecraft:barrel":2,"minecraft:spider_eye":3,"minecraft:leather_helmet":2,"bloodandmadness:bullets/quicksilver_bullet":1,"minecraft:deepslate":1,"monsterplus:crystal_shard":1,"minecraft:crossbow":1,"minecraft:bread":9,"minecraft:emerald":19,"minecraft:coal":61},"minecraft:broken":{"minecraft:leather_helmet":1,"minecraft:iron_chestplate":1,"minecraft:stone_pickaxe":1,"jet_and_elias_armors:outrider_set_helmet":1},"minecraft:crafted":{"minecraft:cooked_chicken":6,"minecraft:furnace":1,"minecraft:cooked_mutton":7,"quark:acacia_chest":4,"sophisticatedbackpacks:copper_backpack":1,"minecraft:cooked_beef":23,"paraglider:paraglider":1,"sophisticatedbackpacks:backpack":1,"minecraft:cooked_porkchop":28,"minecraft:copper_ingot":6,"minecraft:stone_axe":1,"minecraft:air":63,"minecraft:stick":4,"minecraft:iron_pickaxe":1,"minecraft:iron_ingot":5},"minecraft:custom":{"lootr:looted_stat":17,"minecraft:mob_kills":141,"minecraft:interact_with_crafting_table":15,"minecraft:open_barrel":8,"minecraft:damage_dealt_resisted":175,"minecraft:leave_game":2,"minecraft:time_since_death":1433,"minecraft:climb_one_cm":16430,"champions:champion_mobs_killed":87,"minecraft:sprint_one_cm":851596,"minecraft:walk_one_cm":2484286,"minecraft:drop":19,"minecraft:damage_dealt_absorbed":2691,"minecraft:play_time":275769,"minecraft:deaths":30,"minecraft:sneak_time":3369,"minecraft:walk_under_water_one_cm":25937,"minecraft:jump":2682,"minecraft:walk_on_water_one_cm":23488,"minecraft:total_world_time":275769,"minecraft:interact_with_furnace":26,"minecraft:sleep_in_bed":1,"minecraft:time_since_rest":1469,"minecraft:waystone_activated":1,"minecraft:damage_taken":12039,"minecraft:damage_dealt":26347,"minecraft:swim_one_cm":6624,"minecraft:fly_one_cm":1237270,"minecraft:player_kills":3,"minecraft:open_chest":46,"minecraft:crouch_one_cm":23487,"minecraft:fall_one_cm":67062,"minecraft:horse_one_cm":977},"minecraft:mined":{"create:zinc_ore":16,"supplementaries:goblet":1,"minecraft:tuff":1,"minecraft:mossy_cobblestone":2,"minecraft:grass_block":7,"minecraft:spruce_fence":1,"minecraft:spawner":4,"goblinsanddungeons:urn":6,"minecraft:redstone_ore":6,"minecraft:furnace":1,"minecraft:barrel":2,"minecraft:iron_ore":67,"minecraft:andesite":10,"treechop:chopped_log":5,"minecraft:deepslate_lapis_ore":1,"minecraft:potatoes":3,"minecraft:deepslate_iron_ore":4,"minecraft:stone":82,"minecraft:white_wool":7,"minecraft:tripwire":1,"minecraft:deepslate_redstone_ore":3,"lootr:lootr_chest":2,"quark:dark_oak_chest":1,"minecraft:oak_fence":1,"minecraft:crafting_table":3,"minecraft:cornflower":1,"goblinsanddungeons:scoria_brick_slab":1,"supplementaries:sack":2,"minecraft:tall_grass":8,"minecraft:copper_ore":63,"minecraft:cobblestone":8,"minecraft:lapis_ore":7,"minecraft:sugar_cane":2,"minecraft:wall_torch":1,"minecraft:wheat":39,"minecraft:sweet_berry_bush":5,"simple_mobs:nested_meat":3,"minecraft:grass":15,"minecraft:coal_ore":53,"quark:spruce_chest":1,"minecraft:gravel":1,"minecraft:dirt":13,"minecraft:cobweb":58,"minecraft:stone_bricks":3,"minecraft:mossy_stone_bricks":2,"minecraft:oak_leaves":1,"minecraft:deepslate":1,"minecraft:fern":5},"minecraft:used":{"minecraft:iron_sword":69,"minecraft:cooked_chicken":6,"minecraft:torch":2,"minecraft:dirt":4,"minecraft:spyglass":28,"untamedwilds:food_bear_cooked":6,"epicfight:stone_greatsword":4,"minecraft:stone_bricks":3,"minecraft:light_gray_wool":1,"minecraft:furnace":2,"minecraft:cooked_beef":21,"minecraft:acacia_planks":6,"minecraft:mossy_stone_bricks":2,"epicfight:skillbook":1,"minecraft:stone_pickaxe":131,"minecraft:wooden_pickaxe":3,"minecraft:crafting_table":5,"quark:acacia_chest":3,"minecraft:crossbow":3,"minecraft:bread":28,"minecraft:iron_pickaxe":227,"minecraft:stone_axe":58,"minecraft:cobblestone":22,"minecraft:cooked_porkchop":18,"epicfight:uchigatana":486,"minecraft:experience_bottle":1},"minecraft:killed_by":{"minecraft:player":5,"orcz:orcirongroupleader":1,"minecraft:spider":1,"simple_mobs:bone":1,"simple_mobs:rat_mid":1,"simple_mobs:skeleton_demon":1,"orcz:orcsavagegroupleader":1,"minecraft:drowned":1,"simple_mobs:goom":1,"goblinsanddungeons:goblin_king":3,"goblinsanddungeons:gob":1,"minecraft:zombie":1,"simple_mobs:gobber":1,"majruszsdifficulty:cursed_armor":5,"guardvillagers:guard":1,"goblinsanddungeons:garch":1,"dannys_expansion:floam":1},"minecraft:dropped":{"minecraft:wheat_seeds":2,"minecraft:leather":3,"minecraft:leather_helmet":1,"minecraft:torch":2,"minecraft:spruce_sapling":2,"goblinsanddungeons:goblin_crown":1,"hexerei:sage_seed":4,"simple_mobs:bundled_emerald":1,"minecraft:birch_sapling":1,"minecraft:rotten_flesh":1,"minecraft:light_gray_wool":1,"minecraft:salmon":1,"minecraft:gunpowder":2,"minecraft:acacia_sapling":1}},"DataVersion":2975}