{"stats":{"minecraft:crafted":{"minecraft:crafting_table":1,"ecologics:coconut_planks":12,"minecraft:stick":4,"minecraft:wooden_pickaxe":1,"minecraft:wheat":45},"minecraft:picked_up":{"ecologics:coconut_slice":2,"minecraft:torch":1,"minecraft:hay_block":5,"ecologics:coconut_log":3,"minecraft:oak_log":3,"botania:brown_mystical_flower":1,"minecraft:dirt":16},"minecraft:used":{"minecraft:crafting_table":1,"minecraft:iron_pickaxe":1,"minecraft:wooden_pickaxe":3},"minecraft:mined":{"minecraft:grass":1,"minecraft:hay_block":5,"biomesoplenty:bush":1,"minecraft:grass_block":15,"minecraft:oak_log":3,"minecraft:dirt":1,"ecologics:coconut_log":3,"minecraft:oak_leaves":2,"minecraft:wall_torch":1},"minecraft:custom":{"minecraft:time_since_rest":13970,"minecraft:open_chest":2,"minecraft:play_time":13970,"minecraft:sprint_one_cm":37902,"minecraft:damage_taken":50,"minecraft:walk_one_cm":12398,"minecraft:sneak_time":1,"minecraft:jump":173,"minecraft:time_since_death":13970,"minecraft:walk_on_water_one_cm":381,"minecraft:total_world_time":13970,"minecraft:interact_with_crafting_table":2,"minecraft:fall_one_cm":5128,"minecraft:fly_one_cm":43459}},"DataVersion":3465}