{"stats":{"minecraft:killed":{"vampirism:vampire":1,"minecraft:trader_llama":4,"minecraft:zombie":1,"alexsmobs:terrapin":1,"enemyexpansion:wasp":1,"minecraft:wandering_trader":2},"minecraft:mined":{"crystalcraft_unlimited_java:topaz_ore":4,"crystalcraft_unlimited_java:zircon_ore":3,"create:deepslate_zinc_ore":25,"crystalcraft_unlimited_java:deepslate_saphire_ore":1,"crystalcraft_unlimited_java:chrome_ore":10,"crystalcraft_unlimited_java:opal_ore":1,"crystalcraft_unlimited_java:indigolite_ore":1,"minecraft:grass_block":1,"crystalcraft_unlimited_java:cinnabar_ore":3,"crystalcraft_unlimited_java:palintinium_ore":5,"crystalcraft_unlimited_java:amethyst_ore":6,"mysticalagriculture:inferium_ore":2,"minecraft:spawner":1,"crystalcraft_unlimited_java:deepslate_citrine_ore":1,"crystalcraft_unlimited_java:deepslate_tanzanite_ore":2,"minecraft:iron_ore":7,"crystalcraft_unlimited_java:pink_ruby_ore":2,"minecraft:deepslate_lapis_ore":16,"crystalcraft_unlimited_java:grandidierite_ore":5,"crystalcraft_unlimited_java:sapphire_ore":1,"mna:runescribing_table":1,"minecraft:dirt_path":1,"crystalcraft_unlimited_java:prism_ore":5,"minecraft:iron_block":1,"crystalcraft_unlimited_java:rare_amethyst_ore":1,"crystalcraft_unlimited_java:sonoranite_ore":1,"crystalcraft_unlimited_java:matizium_ore":1,"minecraft:deepslate_redstone_ore":38,"crystalcraft_unlimited_java:deepslate_prism_ore":1,"crystalcraft_unlimited_java:kunzite_ore":4,"mekanism:osmium_ore":5,"crystalcraft_unlimited_java:deepslate_malachite_ore":3,"crystalcraft_unlimited_java:deepslate_magnesium_ore":5,"minecraft:torch":1,"minecraft:calcite":1,"mekanism:tin_ore":8,"malum:brilliant_deepslate":4,"minecraft:cobblestone":1,"crystalcraft_unlimited_java:deepslate_silver_ore":5,"minecraft:wall_torch":4,"crystalcraft_unlimited_java:stibnite_ore":4,"crystalcraft_unlimited_java:rare_deepslate_sapphire_ore":1,"minecraft:deepslate_copper_ore":10,"evilcraft:dark_ore_deepslate":19,"crystalcraft_unlimited_java:lead_ore":1,"crystalcraft_unlimited_java:deepslate_black_opal_ore":1,"crystalcraft_unlimited_java:aquamarine_ore":1,"crystalcraft_unlimited_java:deepslate_garnet_ore":4,"crystalcraft_unlimited_java:black_opal_ore":2,"minecraft:grass":10,"mekanism:deepslate_tin_ore":20,"mna:pedestal":1,"minecraft:oak_log":10,"crystalcraft_unlimited_java:deepslate_aquamarine_ore":4,"crystalcraft_unlimited_java:brickerite_ore":2,"minecraft:dirt":2,"mysticalagriculture:deepslate_prosperity_ore":17,"crystalcraft_unlimited_java:rutile_ore":5,"mysticalagriculture:deepslate_inferium_ore":11,"minecraft:deepslate":70,"crystalcraft_unlimited_java:saphire_ore":4,"create:zinc_ore":7,"mysticalagriculture:prosperity_ore":6,"minecraft:tuff":2,"crystalcraft_unlimited_java:ametrine_ore":8,"crystalcraft_unlimited_java:deepslate_ametyst_ore":2,"iceandfire:silver_ore":2,"minecraft:deepslate_diamond_ore":6,"crystalcraft_unlimited_java:deepslate_grand_ore":7,"crystalcraft_unlimited_java:rare_sapphire_ore":1,"crystalcraft_unlimited_java:deepslate_topaz_ore":3,"crystalcraft_unlimited_java:silicium_ore":1,"crystalcraft_unlimited_java:watermelon_tourmaline_ore":2,"iceandfire:deepslate_silver_ore":4,"crystalcraft_unlimited_java:chalcanthite_ore":1,"mna:vinteum_ore":53,"minecraft:hay_block":10,"forbidden_arcanus:deepslate_arcane_crystal_ore":27,"minecraft:furnace":1,"crystalcraft_unlimited_java:deepslate_peridot_ore":4,"evilcraft:dark_ore":1,"minecraft:deepslate_iron_ore":99,"crystalcraft_unlimited_java:deepslate_tourmaline_ore":2,"minecraft:lantern":1,"crystalcraft_unlimited_java:jade_ore":2,"crystalcraft_unlimited_java:amber_ore":3,"minecraft:stone":202,"crystalcraft_unlimited_java:silver_ore":2,"crystalcraft_unlimited_java:flourite_ore":1,"crystalcraft_unlimited_java:chrysolite_ore":3,"crystalcraft_unlimited_java:deepslate_ruby_ore":4,"crystalcraft_unlimited_java:deepslate_uranium_ore":1,"crystalcraft_unlimited_java:sugillite_ore":4,"minecraft:tall_grass":1,"malum:deepslate_soulstone_ore":2,"minecraft:copper_ore":10,"minecraft:deepslate_gold_ore":33,"crystalcraft_unlimited_java:cyan_emerald_ore":1,"crystalcraft_unlimited_java:lithium_ore":1,"supplementaries:urn":5,"crystalcraft_unlimited_java:deepslate_ammolite_ore":2,"mna:runeforge":1,"forbidden_arcanus:xpetrified_ore":4,"minecraft:coal_ore":19,"minecraft:gravel":8,"mekanism:deepslate_fluorite_ore":2,"mekanism:deepslate_uranium_ore":11},"minecraft:broken":{"minecraft:iron_pickaxe":3},"minecraft:picked_up":{"mekanism:raw_uranium":10,"crystalcraft_unlimited_java:amber":3,"minecraft:lead":3,"minecraft:potion":1,"forbidden_arcanus:xpetrified_orb":4,"crystalcraft_unlimited_java:opal":1,"minecraft:raw_copper":68,"crystalcraft_unlimited_java:kunzite":4,"minecraft:armor_stand":6,"minecraft:sea_pickle":1,"mysticalagriculture:inferium_essence":49,"minecraft:cobbled_deepslate":136,"crystalcraft_unlimited_java:peridot":4,"create:powered_toggle_latch":1,"minecraft:rose_bush":2,"minecraft:calcite":1,"create:contraption_controls":1,"crystalcraft_unlimited_java:sonoranite":1,"minecraft:furnace":1,"minecraft:golden_helmet":4,"apotheosis:gem":1,"minecraft:torch":18,"mysticalagriculture:prosperity_shard":49,"crystalcraft_unlimited_java:zircon_10":1,"crystalcraft_unlimited_java:saphire":4,"create:redstone_contact":2,"mekanism:raw_tin":27,"create:gantry_shaft":2,"minecraft:rotten_flesh":3,"minecraft:cactus":2,"supplementaries:antique_ink":1,"minecraft:iron_block":1,"supplementaries:ash":6,"minecraft:cobblestone":225,"crystalcraft_unlimited_java:raw_lead":1,"crystalcraft_unlimited_java:citrine":1,"minecraft:golden_leggings":4,"minecraft:flint":1,"minecraft:tuff":2,"create:raw_zinc":32,"crystalcraft_unlimited_java:garnet":4,"croptopia:celery":1,"minecraft:lapis_lazuli":108,"minecraft:dirt":3,"minecraft:lantern":1,"crystalcraft_unlimited_java:grandidierite":12,"crystalcraft_unlimited_java:aquamarine":4,"crystalcraft_unlimited_java:topaz":7,"minecraft:bone":2,"crystalcraft_unlimited_java:malachite":3,"minecraft:wheat_seeds":3,"ars_nouveau:magelight_torch":1,"minecraft:raw_gold":33,"crystalcraft_unlimited_java:pink_ruby":2,"crystalcraft_unlimited_java:cyan_emerald":1,"mna:cerublossom":1,"crystalcraft_unlimited_java:chalcanthite":1,"crystalcraft_unlimited_java:stibnite":4,"malum:raw_soulstone":2,"crystalcraft_unlimited_java:indigolite":1,"croptopia:celery_seed":2,"crystalcraft_unlimited_java:zircon_12":1,"crystalcraft_unlimited_java:zircon_11":1,"mna:runescribing_table":1,"crystalcraft_unlimited_java:prism":6,"crystalcraft_unlimited_java:palintinium":5,"crystalcraft_unlimited_java:ammolite":2,"minecraft:diamond":6,"minecraft:chorus_fruit":13,"iceandfire:raw_silver":6,"crystalcraft_unlimited_java:flourite":1,"crystalcraft_unlimited_java:raw_silicon":1,"crystalcraft_unlimited_java:ruby":4,"crystalcraft_unlimited_java:jade":2,"minecraft:cornflower":1,"create:gantry_carriage":4,"crystalcraft_unlimited_java:tanzanite":2,"artifacts:feral_claws":1,"minecraft:item_frame":1,"minecraft:blue_orchid":1,"crystalcraft_unlimited_java:brickerite":1,"minecraft:iron_nugget":28,"minecraft:sugar_cane":3,"crystalcraft_unlimited_java:sapphire":2,"minecraft:raw_iron":105,"minecraft:flowering_azalea_leaves":1,"minecraft:stone_button":1,"minecraft:redstone":167,"crystalcraft_unlimited_java:amethyst":8,"minecraft:stone_pressure_plate":1,"quark:chorus_weeds":2,"minecraft:hay_block":10,"forbidden_arcanus:spawner_scrap":1,"crystalcraft_unlimited_java:black_opal":3,"crystalcraft_unlimited_java:ametrine":8,"crystalcraft_unlimited_java:raw_chrome":10,"minecraft:glow_ink_sac":7,"minecraft:leather":2,"mna:runeforge":1,"malum:cluster_of_brilliance":4,"croptopia:glowing_calamari":2,"crystalcraft_unlimited_java:rare_sapphire":2,"crystalcraft_unlimited_java:rutile":5,"minecraft:oak_log":12,"crystalcraft_unlimited_java:matizium":1,"naturalist:bass":4,"crystalcraft_unlimited_java:tourmaline":2,"minecraft:iron_ingot":2,"crystalcraft_unlimited_java:chrysolite":3,"crystalcraft_unlimited_java:cinnabar":3,"mna:raw_vinteum":53,"crystalcraft_unlimited_java:raw_silver":6,"minecraft:gravel":22,"crystalcraft_unlimited_java:watermelon_tourmaline":2,"crystalcraft_unlimited_java:uranium":1,"mekanism:raw_osmium":5,"forbidden_arcanus:arcane_crystal":25,"biomesoplenty:maple_sapling":2,"evilcraft:dark_gem":90,"mekanism:fluorite_gem":5,"crystalcraft_unlimited_java:sugillite":4,"crystalcraft_unlimited_java:raw_magnesium":5,"minecraft:coal":34},"minecraft:dropped":{"ars_nouveau:magelight_torch":1,"minecraft:iron_pickaxe":1,"minecraft:cobbled_deepslate":136,"apotheosis:gem":1,"minecraft:chainmail_boots":1,"biomesoplenty:maple_sapling":1,"minecraft:cobblestone":14,"minecraft:stick":1,"artifacts:feral_claws":1,"minecraft:bucket":1},"minecraft:crafted":{"minecraft:oak_planks":36,"minecraft:crafting_table":1,"minecraft:stick":12,"quark:oak_chest":3,"minecraft:iron_pickaxe":4,"minecraft:iron_ingot":10,"minecraft:raw_iron":27,"minecraft:furnace":1,"minecraft:wheat":90,"minecraft:bread":30,"minecraft:air":0,"minecraft:raw_gold":45,"minecraft:torch":4},"minecraft:custom":{"minecraft:interact_with_crafting_table":11,"minecraft:open_barrel":30,"minecraft:leave_game":11,"minecraft:time_since_death":419071,"minecraft:sprint_one_cm":329734,"minecraft:drop":13,"minecraft:talked_to_villager":2,"minecraft:play_time":1348013,"minecraft:deaths":3,"minecraft:jump":2925,"minecraft:walk_on_water_one_cm":294148,"minecraft:interact_with_furnace":7,"minecraft:damage_dealt":2083,"minecraft:crouch_one_cm":21398,"minecraft:mob_kills":11,"minecraft:damage_dealt_resisted":0,"minecraft:climb_one_cm":283,"minecraft:walk_one_cm":756963,"minecraft:sneak_time":70401,"minecraft:walk_under_water_one_cm":1115984,"minecraft:total_world_time":1348013,"minecraft:time_since_rest":419101,"minecraft:damage_taken":547,"minecraft:swim_one_cm":581,"minecraft:fly_one_cm":6242325,"minecraft:open_chest":71,"minecraft:fall_one_cm":27080},"minecraft:used":{"minecraft:peony":5,"quark:grate":22,"quark:calcite_bricks_stairs":76,"create:calcite_pillar":271,"minecraft:nether_brick_fence":5,"chiselsandbits:chiseled_block":17,"minecraft:poppy":1,"ae2:quartz_glass":1194,"minecraft:stone":1938,"quark:flowering_azalea_leaf_carpet":3,"minecraft:tube_coral":5,"create:cut_deepslate_bricks":12,"supplementaries:redstone_illuminator":79,"chipped:pegged_white_concrete":107,"minecraft:soul_sand":41,"minecraft:lily_of_the_valley":5,"quark:blue_blossom_hedge":7,"minecraft:tuff":45,"create:polished_cut_deepslate_slab":153,"create:metal_girder":3,"minecraft:axolotl_bucket":3,"vampirism:dark_spruce_trapdoor":3,"minecraft:obsidian":10,"minecraft:glass":1722,"create:controls":1,"minecraft:lava_bucket":77,"minecraft:mangrove_stairs":54,"minecraft:grass_block":1198,"minecraft:blue_orchid":4,"create:rose_quartz_lamp":1,"minecraft:wet_sponge":9,"minecraft:warped_nylium":16,"chipped:heavy_dark_oak_trapdoor":1,"minecraft:dark_oak_leaves":24,"minecraft:crimson_roots":4,"create:zinc_ore":1,"connectedglass:borderless_glass_pane":18,"minecraft:stone_bricks":226,"chipped:mosaic_white_concrete":212,"connectedglass:borderless_glass_white_pane":69,"minecraft:stripped_mangrove_log":5,"create:linked_controller":25,"create:small_calcite_bricks":323,"create:polished_cut_calcite":845,"minecraft:redstone_lamp":1,"minecraft:magma_block":5,"minecraft:horn_coral":9,"create:shaft":35,"minecraft:mangrove_slab":18,"minecraft:furnace":1,"create:small_calcite_brick_slab":168,"create:industrial_iron_block":16,"minecraft:fire_coral_fan":4,"minecraft:end_stone_brick_stairs":2,"minecraft:pearlescent_froglight":1,"minecraft:dragon_head":11,"minecraft:seagrass":32,"quark:polished_calcite_slab":323,"minecraft:tube_coral_fan":7,"minecraft:end_rod":7,"quark:iron_plate_stairs":44,"minecraft:wither_skeleton_skull":4,"quark:chorus_weeds":10,"create:cut_deepslate_brick_slab":37,"minecraft:mangrove_planks":29,"minecraft:cactus":11,"minecraft:redstone_block":27,"chipped:reinforced_white_concrete":161,"minecraft:sugar_cane":6,"quark:flowering_azalea_hedge":24,"minecraft:oak_leaves":6,"minecraft:brain_coral":8,"minecraft:purpur_stairs":3,"minecraft:sand":740,"quark:orange_blossom_hedge":15,"quark:ancient_hedge":12,"minecraft:yellow_concrete":60,"minecraft:sponge":17,"quark:polished_calcite_stairs":101,"minecraft:gray_concrete":499,"chipped:bolted_light_gray_concrete":7,"minecraft:end_stone":223,"create:deepslate_pillar":190,"mekanism:deepslate_osmium_ore":3,"minecraft:redstone_torch":2,"create:polished_cut_limestone":82,"minecraft:crying_obsidian":9,"minecraft:light_gray_concrete":6,"minecraft:stone_button":7,"minecraft:bread":4,"quark:iron_plate":17,"connectedglass:borderless_glass_black":106,"create:contraption_controls":8,"minecraft:deepslate":458,"create:andesite_casing":54,"minecraft:gravel":1,"minecraft:flowering_azalea_leaves":51,"minecraft:lilac":1,"chipped:hazard_white_concrete":459,"create:powered_toggle_latch":6,"minecraft:pufferfish_bucket":6,"create:framed_glass_door":2,"minecraft:tropical_fish_bucket":9,"quark:iron_pillar":4,"create:andesite_bars":2,"minecraft:chorus_plant":49,"minecraft:bone_meal":27,"quark:iron_plate_slab":64,"chipped:simple_end_stone_pillar":4,"quark:blue_crystal_lamp":1,"chipped:hived_sea_lantern":18,"quark:cherry_hedge":12,"minecraft:netherite_sword":17,"minecraft:rose_bush":7,"minecraft:brain_coral_fan":3,"minecraft:flint_and_steel":15,"minecraft:dead_bush":5,"minecraft:armor_stand":20,"minecraft:red_concrete":166,"minecraft:redstone":1,"quark:calcite_bricks":1589,"minecraft:sculk":1,"connectedglass:borderless_glass_black_pane":72,"minecraft:sandstone_wall":32,"minecraft:netherrack":181,"quark:lavender_blossom_hedge":6,"minecraft:torch":219,"iceandfire:silver_ore":1,"minecraft:end_stone_brick_wall":2,"minecraft:dirt":30,"minecraft:chorus_flower":8,"create:copper_casing":56,"create:redstone_contact":33,"minecraft:bee_nest":1,"minecraft:salmon_bucket":7,"minecraft:blue_concrete":113,"create:cut_limestone_bricks":2,"quark:rusty_iron_plate_vertical_slab":8,"chipped:white_concrete_pillar":316,"minecraft:bookshelf":198,"chipped:bolted_white_concrete":588,"create:wrench":59,"minecraft:smooth_sandstone":402,"minecraft:iron_boots":1,"quark:iron_rod":9,"connectedglass:borderless_glass":27,"create:creative_motor":24,"chipped:smooth_white_concrete":3523,"create:polished_cut_calcite_stairs":449,"quark:crab_bucket":3,"create:horizontal_framed_glass_pane":43,"minecraft:glowstone":8,"create:gantry_carriage":32,"minecraft:lime_concrete":70,"minecraft:iron_trapdoor":31,"minecraft:horn_coral_block":13,"create:gantry_shaft":169,"minecraft:horn_coral_fan":3,"create:polished_cut_deepslate":15,"create:gearshift":24,"create:cut_deepslate_brick_stairs":25,"minecraft:brain_coral_block":8,"minecraft:crimson_stem":10,"create:polished_cut_deepslate_stairs":191,"minecraft:water_bucket":973,"chipped:wired_white_concrete":591,"minecraft:pink_tulip":4,"minecraft:tube_coral_block":5,"minecraft:bubble_coral_fan":1,"minecraft:smooth_sandstone_slab":53,"malum:deepslate_quartz_ore":1,"securitycraft:reinforced_iron_trapdoor":4,"quark:red_blossom_hedge":12,"create:cut_calcite_bricks":281,"minecraft:rail":6,"minecraft:crafting_table":1,"chipped:white_concrete_panel":1251,"minecraft:fire_coral":1,"create:layered_calcite":1757,"chipped:broken_glowstone":7,"minecraft:oak_log":29,"minecraft:piston":24,"minecraft:cornflower":5,"minecraft:oxeye_daisy":4,"create:small_calcite_brick_stairs":15,"minecraft:iron_pickaxe":983,"minecraft:purpur_slab":12,"quark:stripped_ancient_post":15,"create:polished_cut_dripstone":30,"create:polished_cut_calcite_slab":173,"minecraft:fire_coral_block":11,"minecraft:crimson_fungus":4,"minecraft:cobblestone":15,"minecraft:potion":1,"create:powered_latch":5,"quark:calcite_bricks_wall":70,"minecraft:glass_pane":54,"quark:oak_chest":3,"minecraft:sea_pickle":19,"minecraft:kelp":31,"create:elevator_pulley":6,"create:redstone_link":44,"minecraft:dandelion":2,"minecraft:sculk_vein":1,"undergarden:wigglewood_trapdoor":23}},"DataVersion":3465}