{"stats":{"minecraft:crafted":{"minecraft:oak_planks":36,"minecraft:crafting_table":1,"minecraft:furnace":1,"minecraft:bread":30,"minecraft:air":0,"minecraft:stick":12,"quark:oak_chest":2,"minecraft:iron_ingot":10,"minecraft:iron_pickaxe":4,"minecraft:torch":4,"minecraft:wheat":90},"minecraft:custom":{"minecraft:interact_with_furnace":7,"minecraft:mob_kills":2,"minecraft:interact_with_crafting_table":9,"minecraft:damage_dealt_resisted":0,"minecraft:leave_game":3,"minecraft:time_since_death":24081,"minecraft:time_since_rest":24081,"minecraft:sprint_one_cm":60360,"minecraft:damage_taken":157,"minecraft:walk_one_cm":52894,"minecraft:drop":5,"minecraft:damage_dealt":499,"minecraft:talked_to_villager":1,"minecraft:swim_one_cm":581,"minecraft:fly_one_cm":47154,"minecraft:open_chest":12,"minecraft:crouch_one_cm":929,"minecraft:play_time":24081,"minecraft:sneak_time":254,"minecraft:walk_under_water_one_cm":419,"minecraft:jump":240,"minecraft:walk_on_water_one_cm":1503,"minecraft:total_world_time":24081,"minecraft:fall_one_cm":4771},"minecraft:killed":{"vampirism:vampire":1,"enemyexpansion:wasp":1},"minecraft:mined":{"create:zinc_ore":4,"crystalcraft_unlimited_java:zircon_ore":3,"mysticalagriculture:prosperity_ore":6,"crystalcraft_unlimited_java:chrysolite_ore":3,"crystalcraft_unlimited_java:kunzite_ore":3,"iceandfire:silver_ore":2,"crystalcraft_unlimited_java:ametrine_ore":8,"crystalcraft_unlimited_java:deepslate_grand_ore":2,"crystalcraft_unlimited_java:chrome_ore":7,"crystalcraft_unlimited_java:opal_ore":1,"crystalcraft_unlimited_java:sugillite_ore":4,"crystalcraft_unlimited_java:indigolite_ore":1,"mekanism:tin_ore":2,"iceandfire:deepslate_silver_ore":2,"crystalcraft_unlimited_java:watermelon_tourmaline_ore":2,"crystalcraft_unlimited_java:cinnabar_ore":3,"minecraft:copper_ore":8,"crystalcraft_unlimited_java:amethyst_ore":6,"crystalcraft_unlimited_java:cyan_emerald_ore":1,"mysticalagriculture:inferium_ore":2,"minecraft:wall_torch":2,"minecraft:spawner":1,"minecraft:hay_block":10,"evilcraft:dark_ore_deepslate":1,"mna:runeforge":1,"minecraft:furnace":1,"forbidden_arcanus:xpetrified_ore":3,"minecraft:iron_ore":5,"evilcraft:dark_ore":1,"mna:runescribing_table":1,"minecraft:oak_log":10,"mna:pedestal":1,"minecraft:coal_ore":19,"crystalcraft_unlimited_java:prism_ore":2,"minecraft:dirt_path":1,"crystalcraft_unlimited_java:brickerite_ore":1,"minecraft:lantern":1,"minecraft:gravel":8,"minecraft:dirt":2,"minecraft:stone":173,"minecraft:iron_block":1,"minecraft:deepslate":2,"crystalcraft_unlimited_java:silver_ore":1,"mysticalagriculture:deepslate_inferium_ore":2,"crystalcraft_unlimited_java:matizium_ore":1},"minecraft:used":{"minecraft:torch":3,"minecraft:crafting_table":1,"minecraft:oak_log":3,"minecraft:bread":3,"minecraft:iron_pickaxe":338,"minecraft:furnace":1,"quark:oak_chest":2},"minecraft:dropped":{"biomesoplenty:maple_sapling":1,"minecraft:cobblestone":14,"minecraft:stick":1,"minecraft:iron_pickaxe":1,"artifacts:feral_claws":1},"minecraft:picked_up":{"crystalcraft_unlimited_java:ametrine":8,"crystalcraft_unlimited_java:raw_chrome":7,"minecraft:golden_leggings":4,"mna:runeforge":1,"minecraft:flint":1,"create:raw_zinc":4,"minecraft:oak_log":12,"crystalcraft_unlimited_java:matizium":1,"croptopia:celery":1,"forbidden_arcanus:xpetrified_orb":3,"crystalcraft_unlimited_java:opal":1,"minecraft:dirt":3,"minecraft:lantern":1,"minecraft:raw_copper":31,"crystalcraft_unlimited_java:grandidierite":2,"crystalcraft_unlimited_java:kunzite":3,"artifacts:feral_claws":1,"minecraft:item_frame":1,"minecraft:armor_stand":6,"mysticalagriculture:inferium_essence":16,"crystalcraft_unlimited_java:brickerite":1,"minecraft:iron_ingot":2,"crystalcraft_unlimited_java:cyan_emerald":1,"crystalcraft_unlimited_java:chrysolite":3,"minecraft:furnace":1,"crystalcraft_unlimited_java:cinnabar":3,"minecraft:golden_helmet":4,"minecraft:raw_iron":5,"crystalcraft_unlimited_java:indigolite":1,"crystalcraft_unlimited_java:raw_silver":1,"crystalcraft_unlimited_java:zircon_10":1,"crystalcraft_unlimited_java:zircon_12":1,"minecraft:torch":2,"mysticalagriculture:prosperity_shard":14,"crystalcraft_unlimited_java:zircon_11":1,"croptopia:celery_seed":2,"mna:runescribing_table":1,"minecraft:gravel":7,"crystalcraft_unlimited_java:prism":2,"crystalcraft_unlimited_java:watermelon_tourmaline":2,"crystalcraft_unlimited_java:amethyst":6,"mekanism:raw_tin":2,"minecraft:stone_pressure_plate":1,"biomesoplenty:maple_sapling":2,"minecraft:rotten_flesh":1,"evilcraft:dark_gem":9,"minecraft:hay_block":10,"minecraft:iron_block":1,"crystalcraft_unlimited_java:sugillite":4,"forbidden_arcanus:spawner_scrap":1,"iceandfire:raw_silver":4,"minecraft:coal":34,"minecraft:cobblestone":187},"minecraft:broken":{"minecraft:iron_pickaxe":1}},"DataVersion":3465}