{"stats":{"minecraft:mined":{"minecraft:stripped_dark_oak_log":4,"minecraft:jungle_leaves":1,"minecraft:gray_stained_glass_pane":2,"minecraft:torch":2,"minecraft:grass_block":3,"minecraft:stone_brick_wall":1,"minecraft:spruce_fence":2,"minecraft:andesite_wall":2,"minecraft:tall_grass":20,"minecraft:cobblestone":3,"minecraft:wall_torch":1,"biomesoplenty:dune_grass":1,"minecraft:red_stained_glass_pane":6,"minecraft:spawner":1,"biomesoplenty:jacaranda_log":2,"biomesoplenty:tall_lavender":3,"minecraft:cobblestone_wall":1,"mna:aum":1,"minecraft:stone_brick_stairs":1,"biomesoplenty:sea_oats":2,"minecraft:grass":18,"minecraft:vine":1,"minecraft:gravel":2,"minecraft:dirt":2,"minecraft:cracked_stone_bricks":2,"minecraft:stone":35,"minecraft:stone_bricks":9,"minecraft:mossy_stone_bricks":5},"minecraft:custom":{"minecraft:interact_with_furnace":5,"minecraft:mob_kills":32,"minecraft:interact_with_crafting_table":1,"vampirism:interact_with_research_table":2,"minecraft:open_barrel":3,"minecraft:damage_dealt_resisted":378,"minecraft:leave_game":14,"minecraft:time_since_death":27598,"minecraft:climb_one_cm":24301,"minecraft:damage_resisted":19,"minecraft:time_since_rest":27626,"minecraft:sprint_one_cm":216980,"minecraft:damage_taken":2147483647,"minecraft:walk_one_cm":610302,"minecraft:drop":14,"minecraft:damage_dealt":6908,"minecraft:damage_dealt_absorbed":97,"minecraft:swim_one_cm":7966,"minecraft:fly_one_cm":2591206,"minecraft:talked_to_villager":1,"minecraft:open_chest":38,"minecraft:crouch_one_cm":28943,"minecraft:play_time":451253,"minecraft:deaths":8,"minecraft:sneak_time":21027,"minecraft:walk_under_water_one_cm":6892,"minecraft:jump":2192,"minecraft:interact_with_blast_furnace":2,"minecraft:walk_on_water_one_cm":3444,"minecraft:total_world_time":451253,"minecraft:fall_one_cm":22824},"minecraft:picked_up":{"sophisticatedbackpacks:gold_backpack":1,"ecologics:walnut":2,"minecraft:ladder":2,"evilcraft:flesh_humanoid":2,"minecraft:stone_brick_stairs":1,"minecraft:cobblestone_wall":1,"mna:mark_of_the_council":1,"minecraft:cornflower":1,"minecraft:dirt":5,"minecraft:lantern":1,"forbidden_arcanus:arcane_crystal_dust_speck":1,"biomesoplenty:tall_lavender":3,"minecraft:item_frame":1,"minecraft:bone":3,"minecraft:apple":5,"ecologics:walnut_sapling":2,"minecraft:stone_bricks":7,"minecraft:cracked_stone_bricks":2,"minecraft:wheat_seeds":64,"mysticalagriculture:inferium_essence":6,"alexsmobs:banana":1,"minecraft:mossy_stone_bricks":5,"minecraft:poppy":2,"minecraft:iron_pickaxe":1,"mna:cerublossom":2,"botania:gray_mystical_flower":1,"sophisticatedbackpacks:diamond_backpack":1,"apotheosis:gem":3,"minecraft:torch":23,"minecraft:dandelion":15,"minecraft:gravel":2,"minecraft:spruce_fence":2,"vampirism:crucifix_normal":1,"vampirism:hunter_coat_chest_ultimate":1,"mna:aum":6,"minecraft:mossy_cobblestone":1,"minecraft:andesite_wall":4,"minecraft:rotten_flesh":16,"biomesoplenty:jacaranda_log":2,"minecraft:bread":32,"minecraft:oak_sapling":2,"minecraft:stripped_dark_oak_log":1,"forbidden_arcanus:spawner_scrap":2,"minecraft:cobblestone":38,"minecraft:oxeye_daisy":2},"minecraft:crafted":{"biomesoplenty:jacaranda_planks":8,"minecraft:crafting_table":1,"minecraft:stick":4,"minecraft:iron_pickaxe":1},"minecraft:dropped":{"minecraft:wheat_seeds":3,"minecraft:mossy_cobblestone":1,"minecraft:andesite_wall":2,"minecraft:spectral_arrow":1,"evilcraft:flesh_humanoid":1,"sophisticatedbackpacks:diamond_backpack":1,"minecraft:item_frame":1,"vampirism:hunter_coat_chest_ultimate":1,"minecraft:dirt":1,"mysticalagriculture:inferium_essence":3,"minecraft:chain":1,"biomesoplenty:tall_lavender":3},"minecraft:broken":{"minecraft:chainmail_leggings":1,"minecraft:iron_sword":1,"vampirism:armor_of_swiftness_head_ultimate":1},"minecraft:killed_by":{"iceandfire:gorgon":1,"minecraft:skeleton":2,"minecraft:zombie":3,"vampirism:vampire":1},"minecraft:killed":{"naturalist:rattlesnake":1,"vampirism:vampire":1,"enemyexpansion:sprinter":1,"minecraft:skeleton":2,"minecraft:zombie":20,"enemyexpansion:botfly":3,"alexsmobs:fly":1,"mna:spell_breaker":1,"enemyexpansion:slugger":1},"minecraft:used":{"minecraft:mossy_stone_bricks":5,"minecraft:spruce_door":11,"minecraft:polished_deepslate":849,"elevatorid:elevator_gray":4,"minecraft:ladder":67,"minecraft:spruce_planks":651,"minecraft:stone":224,"minecraft:iron_sword":275,"minecraft:bell":1,"minecraft:deepslate_bricks":1105,"minecraft:spyglass":24,"minecraft:cracked_stone_bricks":1,"minecraft:torch":17,"minecraft:polished_deepslate_slab":322,"minecraft:dirt":112,"minecraft:crafting_table":1,"minecraft:spruce_stairs":128,"minecraft:deepslate_brick_slab":159,"minecraft:cobbled_deepslate_stairs":68,"minecraft:warped_planks":640,"minecraft:deepslate_brick_stairs":324,"minecraft:spruce_fence":84,"minecraft:lightning_rod":1,"minecraft:polished_deepslate_stairs":183,"minecraft:deepslate_tiles":361,"minecraft:warped_trapdoor":278,"minecraft:iron_pickaxe":80,"minecraft:lantern":41,"minecraft:iron_axe":31,"minecraft:grass_block":481,"minecraft:bread":19,"minecraft:warped_fence":54,"minecraft:polished_deepslate_wall":213,"minecraft:warped_slab":322,"minecraft:spruce_trapdoor":54,"minecraft:deepslate":1096,"minecraft:stone_brick_stairs":1,"minecraft:soul_lantern":12,"minecraft:stone_bricks":7,"minecraft:cobblestone":15,"minecraft:warped_stairs":27,"minecraft:bow":7,"minecraft:cobbled_deepslate_slab":29,"minecraft:turtle_helmet":1,"minecraft:chain":84,"alexsmobs:animal_dictionary":1,"minecraft:smooth_stone_slab":112,"minecraft:chainmail_leggings":1,"minecraft:soul_torch":20}},"DataVersion":3465}