{"stats":{"minecraft:mined":{"mna:aum":1,"minecraft:grass":2,"minecraft:grass_block":1,"minecraft:tall_grass":3},"minecraft:custom":{"minecraft:time_since_rest":348618,"minecraft:sprint_one_cm":99718,"minecraft:damage_taken":30,"minecraft:walk_one_cm":328111,"minecraft:mob_kills":1,"minecraft:drop":4,"minecraft:damage_dealt":20,"minecraft:fly_one_cm":1928663,"minecraft:open_barrel":3,"minecraft:open_chest":1,"minecraft:crouch_one_cm":23406,"minecraft:play_time":348618,"minecraft:sneak_time":17936,"minecraft:walk_under_water_one_cm":2186,"minecraft:jump":1338,"minecraft:leave_game":10,"minecraft:walk_on_water_one_cm":1727,"minecraft:time_since_death":348618,"minecraft:climb_one_cm":10877,"minecraft:total_world_time":348618,"minecraft:fall_one_cm":1657},"minecraft:picked_up":{"ecologics:walnut":2,"minecraft:ladder":2,"minecraft:dandelion":14,"minecraft:cornflower":1,"mna:aum":6,"minecraft:dirt":1,"minecraft:lantern":1,"ecologics:walnut_sapling":2,"minecraft:apple":5,"minecraft:wheat_seeds":61,"minecraft:poppy":2,"minecraft:oak_sapling":2,"mna:cerublossom":2,"botania:gray_mystical_flower":1,"minecraft:oxeye_daisy":2},"minecraft:dropped":{"minecraft:dirt":1,"minecraft:wheat_seeds":2,"minecraft:chain":1},"minecraft:killed":{"alexsmobs:fly":1},"minecraft:used":{"minecraft:polished_deepslate_stairs":183,"minecraft:deepslate_tiles":361,"minecraft:warped_trapdoor":278,"minecraft:spruce_door":11,"minecraft:polished_deepslate":849,"minecraft:lantern":41,"minecraft:grass_block":277,"minecraft:ladder":66,"minecraft:warped_fence":54,"minecraft:warped_slab":322,"minecraft:polished_deepslate_wall":213,"minecraft:spruce_planks":651,"minecraft:spruce_trapdoor":54,"minecraft:deepslate":1096,"minecraft:bell":1,"minecraft:deepslate_bricks":1105,"minecraft:soul_lantern":12,"minecraft:polished_deepslate_slab":322,"minecraft:warped_stairs":27,"minecraft:cobbled_deepslate_slab":29,"minecraft:spruce_stairs":128,"minecraft:chain":84,"minecraft:deepslate_brick_slab":159,"alexsmobs:animal_dictionary":1,"minecraft:smooth_stone_slab":112,"minecraft:spruce_fence":84,"minecraft:cobbled_deepslate_stairs":68,"minecraft:warped_planks":640,"minecraft:deepslate_brick_stairs":324,"minecraft:lightning_rod":1,"minecraft:soul_torch":20}},"DataVersion":3465}