{"stats":{"minecraft:killed":{"minecraft:pig":2,"monsterplus:crystal_zombie":1,"minecraft:skeleton":2,"minecraft:pillager":3,"minecraft:zombie":1},"minecraft:picked_up":{"minecraft:birch_log":6,"minecraft:crafting_table":3,"minecraft:andesite":1,"minecraft:stone_slab":3,"minecraft:wooden_pickaxe":1,"minecraft:birch_planks":7,"paraglider:spirit_orb":1,"create:raw_zinc":2,"minecraft:oak_log":1,"minecraft:dirt":9,"minecraft:wheat_seeds":7,"minecraft:stone_pickaxe":1,"minecraft:birch_sapling":7,"minecraft:egg":3,"minecraft:furnace":1,"hexerei:animal_fat":1,"minecraft:stick":3,"minecraft:raw_iron":4,"minecraft:porkchop":2,"hexerei:sage_seed":1,"monsterplus:crystal_clump":1,"monsterplus:crystal_shard":1,"minecraft:coal":3,"minecraft:cobblestone":90},"minecraft:crafted":{"minecraft:iron_sword":1,"minecraft:stone_axe":1,"minecraft:air":31,"minecraft:stick":4,"minecraft:iron_ingot":4,"minecraft:iron_pickaxe":1,"minecraft:stone_pickaxe":1,"minecraft:wooden_axe":1},"minecraft:custom":{"lootr:looted_stat":2,"minecraft:interact_with_furnace":3,"minecraft:mob_kills":9,"minecraft:interact_with_crafting_table":5,"minecraft:open_barrel":13,"minecraft:leave_game":1,"minecraft:time_since_death":26656,"minecraft:climb_one_cm":1068,"minecraft:time_since_rest":26688,"champions:champion_mobs_killed":7,"minecraft:sprint_one_cm":69605,"minecraft:damage_absorbed":19,"minecraft:damage_taken":778,"minecraft:walk_one_cm":327414,"minecraft:drop":10,"minecraft:damage_dealt":32,"minecraft:swim_one_cm":4011,"minecraft:fly_one_cm":99888,"minecraft:open_chest":3,"minecraft:crouch_one_cm":4236,"minecraft:play_time":46995,"minecraft:deaths":1,"minecraft:sneak_time":541,"minecraft:walk_under_water_one_cm":3273,"minecraft:jump":573,"minecraft:walk_on_water_one_cm":3784,"minecraft:total_world_time":46995,"minecraft:fall_one_cm":8894},"minecraft:mined":{"create:zinc_ore":2,"minecraft:crafting_table":3,"minecraft:grass_block":6,"minecraft:stone_slab":2,"minecraft:cobblestone":2,"minecraft:tall_grass":11,"minecraft:spawner":1,"minecraft:dark_oak_slab":1,"minecraft:furnace":1,"minecraft:iron_ore":4,"minecraft:andesite":1,"minecraft:birch_leaves":5,"treechop:chopped_log":1,"minecraft:dark_oak_stairs":2,"minecraft:grass":25,"minecraft:oak_log":1,"minecraft:coal_ore":3,"minecraft:vine":1,"minecraft:dirt":4,"minecraft:stone":92,"minecraft:oak_leaves":4,"minecraft:fern":1},"minecraft:killed_by":{"creeperoverhaul:spruce_creeper":1},"minecraft:used":{"minecraft:stone_pickaxe":14,"minecraft:wooden_pickaxe":20,"minecraft:crafting_table":3,"minecraft:bread":9,"minecraft:iron_pickaxe":89,"minecraft:stone_axe":4,"minecraft:cobblestone":9,"minecraft:bow":71,"minecraft:furnace":1},"minecraft:dropped":{"hexerei:sage_seed":1,"minecraft:wheat_seeds":7,"minecraft:cobblestone":4,"minecraft:stone_slab":3,"minecraft:dirt":2,"minecraft:stone_pickaxe":1,"minecraft:wooden_pickaxe":2}},"DataVersion":2975}