{"stats":{"minecraft:killed":{"minecraft:zombie":1},"minecraft:custom":{"minecraft:time_since_rest":7070,"minecraft:crouch_one_cm":533,"minecraft:sprint_one_cm":4274,"champions:champion_mobs_killed":1,"minecraft:play_time":7070,"minecraft:damage_absorbed":19,"minecraft:damage_taken":164,"minecraft:walk_one_cm":61866,"minecraft:sneak_time":31,"minecraft:walk_under_water_one_cm":915,"minecraft:mob_kills":1,"minecraft:jump":68,"minecraft:damage_dealt":32,"minecraft:time_since_death":7070,"minecraft:walk_on_water_one_cm":472,"minecraft:total_world_time":7070,"minecraft:interact_with_crafting_table":2,"minecraft:fall_one_cm":669,"minecraft:fly_one_cm":4359},"minecraft:crafted":{"minecraft:air":31,"minecraft:wooden_axe":1},"minecraft:used":{"minecraft:bow":11,"minecraft:crafting_table":1,"minecraft:wooden_pickaxe":20},"minecraft:picked_up":{"minecraft:birch_log":6,"minecraft:stick":1,"hexerei:sage_seed":1,"minecraft:stone_slab":1,"minecraft:wheat_seeds":6,"paraglider:spirit_orb":1,"minecraft:oak_log":1,"minecraft:cobblestone":17,"minecraft:birch_sapling":7,"minecraft:dirt":1,"minecraft:egg":2},"minecraft:mined":{"minecraft:grass":18,"minecraft:oak_log":1,"minecraft:dirt":1,"minecraft:stone_slab":1,"minecraft:tall_grass":5,"minecraft:stone":18,"minecraft:birch_leaves":5,"treechop:chopped_log":1,"minecraft:oak_leaves":4,"minecraft:fern":1}},"DataVersion":2975}