{"stats":{"minecraft:mined":{"minecraft:jungle_leaves":1,"minecraft:grass_block":2,"minecraft:tall_grass":4,"biomesoplenty:dune_grass":1,"biomesoplenty:jacaranda_log":2,"biomesoplenty:tall_lavender":3,"mna:aum":1,"biomesoplenty:sea_oats":2,"minecraft:grass":9,"minecraft:vine":1},"minecraft:custom":{"minecraft:interact_with_furnace":4,"minecraft:mob_kills":2,"minecraft:interact_with_crafting_table":1,"vampirism:interact_with_research_table":2,"minecraft:open_barrel":3,"minecraft:leave_game":10,"minecraft:time_since_death":2385,"minecraft:climb_one_cm":14700,"minecraft:damage_resisted":19,"minecraft:time_since_rest":2409,"minecraft:sprint_one_cm":141354,"minecraft:damage_taken":298,"minecraft:walk_one_cm":405667,"minecraft:drop":8,"minecraft:damage_dealt":131,"minecraft:fly_one_cm":2361901,"minecraft:open_chest":15,"minecraft:crouch_one_cm":26186,"minecraft:play_time":384618,"minecraft:deaths":1,"minecraft:sneak_time":19425,"minecraft:walk_under_water_one_cm":6852,"minecraft:jump":1572,"minecraft:interact_with_blast_furnace":2,"minecraft:walk_on_water_one_cm":2413,"minecraft:total_world_time":384618,"minecraft:fall_one_cm":7051},"minecraft:picked_up":{"ecologics:walnut":2,"minecraft:ladder":2,"minecraft:cornflower":1,"minecraft:dirt":2,"minecraft:lantern":1,"forbidden_arcanus:arcane_crystal_dust_speck":1,"minecraft:item_frame":1,"biomesoplenty:tall_lavender":3,"minecraft:apple":5,"ecologics:walnut_sapling":2,"minecraft:wheat_seeds":62,"alexsmobs:banana":1,"minecraft:poppy":2,"minecraft:iron_pickaxe":1,"mna:cerublossom":2,"botania:gray_mystical_flower":1,"apotheosis:gem":1,"minecraft:dandelion":14,"vampirism:crucifix_normal":1,"vampirism:hunter_coat_chest_ultimate":1,"mna:aum":6,"biomesoplenty:jacaranda_log":2,"minecraft:bread":32,"minecraft:oak_sapling":2,"minecraft:oxeye_daisy":2},"minecraft:crafted":{"biomesoplenty:jacaranda_planks":8,"minecraft:crafting_table":1,"minecraft:stick":4,"minecraft:iron_pickaxe":1},"minecraft:dropped":{"minecraft:wheat_seeds":3,"vampirism:hunter_coat_chest_ultimate":1,"minecraft:item_frame":1,"minecraft:dirt":1,"minecraft:chain":1,"biomesoplenty:tall_lavender":3},"minecraft:used":{"minecraft:polished_deepslate":849,"minecraft:spruce_door":11,"minecraft:ladder":66,"minecraft:spruce_planks":651,"minecraft:iron_sword":11,"minecraft:bell":1,"minecraft:deepslate_bricks":1105,"minecraft:polished_deepslate_slab":322,"minecraft:dirt":1,"minecraft:spyglass":21,"minecraft:crafting_table":1,"minecraft:spruce_stairs":128,"minecraft:deepslate_brick_slab":159,"minecraft:spruce_fence":84,"minecraft:cobbled_deepslate_stairs":68,"minecraft:warped_planks":640,"minecraft:deepslate_brick_stairs":324,"minecraft:lightning_rod":1,"minecraft:polished_deepslate_stairs":183,"minecraft:deepslate_tiles":361,"minecraft:warped_trapdoor":278,"minecraft:lantern":41,"minecraft:grass_block":277,"minecraft:bread":2,"minecraft:warped_slab":322,"minecraft:warped_fence":54,"minecraft:polished_deepslate_wall":213,"minecraft:spruce_trapdoor":54,"minecraft:deepslate":1096,"minecraft:soul_lantern":12,"minecraft:warped_stairs":27,"minecraft:cobbled_deepslate_slab":29,"minecraft:chain":84,"minecraft:smooth_stone_slab":112,"alexsmobs:animal_dictionary":1,"minecraft:soul_torch":20,"minecraft:chainmail_leggings":1},"minecraft:killed":{"naturalist:rattlesnake":1,"alexsmobs:fly":1}},"DataVersion":3465}