{"stats":{"minecraft:dropped":{"minecraft:dirt":2,"hexerei:sage_seed":1,"minecraft:stone_pickaxe":1,"minecraft:stone_slab":1,"minecraft:wooden_pickaxe":2},"minecraft:killed_by":{"creeperoverhaul:spruce_creeper":1},"minecraft:killed":{"minecraft:skeleton":2,"minecraft:zombie":1,"minecraft:pig":2,"monsterplus:crystal_zombie":1},"minecraft:custom":{"minecraft:time_since_rest":7889,"minecraft:interact_with_furnace":3,"champions:champion_mobs_killed":4,"minecraft:sprint_one_cm":31958,"minecraft:walk_one_cm":166766,"minecraft:damage_taken":577,"minecraft:damage_absorbed":19,"minecraft:mob_kills":6,"minecraft:drop":6,"minecraft:damage_dealt":32,"minecraft:swim_one_cm":4011,"minecraft:interact_with_crafting_table":4,"minecraft:fly_one_cm":48217,"minecraft:crouch_one_cm":727,"minecraft:play_time":28196,"minecraft:deaths":1,"minecraft:sneak_time":75,"minecraft:walk_under_water_one_cm":3273,"minecraft:jump":384,"minecraft:leave_game":1,"minecraft:walk_on_water_one_cm":3784,"minecraft:time_since_death":7857,"minecraft:climb_one_cm":168,"minecraft:total_world_time":28196,"lootr:looted_stat":1,"minecraft:fall_one_cm":6470},"minecraft:crafted":{"minecraft:stick":4,"minecraft:iron_pickaxe":1,"minecraft:iron_ingot":4,"minecraft:stone_pickaxe":1,"minecraft:wooden_axe":1,"minecraft:stone_axe":1,"minecraft:air":31},"minecraft:used":{"minecraft:bread":5,"minecraft:stone_pickaxe":14,"minecraft:iron_pickaxe":78,"minecraft:wooden_pickaxe":20,"minecraft:stone_axe":2,"minecraft:cobblestone":8,"minecraft:bow":50,"minecraft:crafting_table":2,"minecraft:furnace":1},"minecraft:picked_up":{"hexerei:animal_fat":1,"minecraft:birch_log":6,"minecraft:raw_iron":4,"minecraft:stick":3,"minecraft:crafting_table":2,"minecraft:andesite":1,"minecraft:stone_slab":2,"minecraft:wooden_pickaxe":1,"minecraft:birch_planks":7,"minecraft:porkchop":2,"paraglider:spirit_orb":1,"create:raw_zinc":2,"minecraft:oak_log":1,"minecraft:dirt":7,"hexerei:sage_seed":1,"monsterplus:crystal_clump":1,"monsterplus:crystal_shard":1,"minecraft:wheat_seeds":7,"minecraft:stone_pickaxe":1,"minecraft:coal":3,"minecraft:birch_sapling":7,"minecraft:furnace":1,"minecraft:cobblestone":86,"minecraft:egg":2},"minecraft:mined":{"minecraft:furnace":1,"minecraft:iron_ore":4,"minecraft:andesite":1,"minecraft:birch_leaves":5,"treechop:chopped_log":1,"minecraft:crafting_table":2,"minecraft:coal_ore":3,"minecraft:grass":25,"minecraft:grass_block":5,"minecraft:oak_log":1,"minecraft:vine":1,"minecraft:dirt":3,"minecraft:stone_slab":2,"minecraft:tall_grass":11,"minecraft:stone":88,"minecraft:spawner":1,"create:zinc_ore":2,"minecraft:oak_leaves":4,"minecraft:fern":1}},"DataVersion":2975}