{"stats":{"minecraft:mined":{"minecraft:jungle_leaves":1,"minecraft:gray_stained_glass_pane":2,"minecraft:spruce_fence":2,"minecraft:stone_brick_wall":1,"minecraft:grass_block":3,"biomesoplenty:dune_grass":1,"minecraft:red_stained_glass_pane":6,"minecraft:spawner":1,"biomesoplenty:jacaranda_log":2,"biomesoplenty:tall_lavender":3,"mna:aum":1,"biomesoplenty:sea_oats":2,"minecraft:vine":1,"minecraft:stone":35,"minecraft:stripped_dark_oak_log":4,"minecraft:torch":2,"minecraft:andesite_wall":2,"minecraft:tall_grass":20,"minecraft:cobblestone":3,"minecraft:wall_torch":1,"minecraft:cobblestone_wall":1,"minecraft:stone_brick_stairs":1,"minecraft:grass":18,"minecraft:gravel":2,"minecraft:dirt":2,"minecraft:cracked_stone_bricks":2,"minecraft:stone_bricks":9,"minecraft:mossy_stone_bricks":5},"minecraft:custom":{"minecraft:mob_kills":36,"minecraft:interact_with_crafting_table":1,"minecraft:open_barrel":3,"minecraft:damage_dealt_resisted":378,"minecraft:leave_game":14,"minecraft:time_since_death":29155,"minecraft:climb_one_cm":25812,"minecraft:damage_resisted":19,"minecraft:sprint_one_cm":221049,"minecraft:walk_one_cm":644365,"minecraft:drop":15,"minecraft:damage_dealt_absorbed":97,"minecraft:talked_to_villager":1,"minecraft:play_time":484008,"minecraft:deaths":10,"minecraft:sneak_time":22142,"minecraft:walk_under_water_one_cm":6892,"minecraft:jump":2221,"minecraft:interact_with_blast_furnace":2,"minecraft:walk_on_water_one_cm":3444,"minecraft:total_world_time":484008,"minecraft:interact_with_furnace":5,"vampirism:interact_with_research_table":2,"minecraft:time_since_rest":29199,"minecraft:damage_taken":2147483647,"minecraft:damage_dealt":7747,"minecraft:swim_one_cm":7966,"minecraft:fly_one_cm":2930811,"minecraft:open_chest":38,"minecraft:crouch_one_cm":29194,"minecraft:fall_one_cm":33976},"minecraft:picked_up":{"sophisticatedbackpacks:gold_backpack":1,"minecraft:ladder":2,"minecraft:stone_brick_stairs":1,"minecraft:cornflower":1,"mna:mark_of_the_council":1,"minecraft:iron_leggings":1,"minecraft:item_frame":1,"biomesoplenty:tall_lavender":3,"ecologics:walnut_sapling":2,"minecraft:cracked_stone_bricks":2,"mysticalagriculture:inferium_essence":6,"alexsmobs:banana":1,"minecraft:netherite_sword":1,"minecraft:poppy":2,"minecraft:iron_pickaxe":1,"apotheosis:gem":3,"minecraft:torch":23,"minecraft:spruce_fence":2,"minecraft:andesite_wall":4,"minecraft:arrow":2,"minecraft:rotten_flesh":17,"biomesoplenty:jacaranda_log":2,"minecraft:netherite_chestplate":1,"forbidden_arcanus:spawner_scrap":2,"minecraft:cobblestone":38,"minecraft:oxeye_daisy":2,"minecraft:netherite_boots":1,"ecologics:walnut":2,"evilcraft:flesh_humanoid":2,"minecraft:cobblestone_wall":1,"minecraft:netherite_leggings":1,"minecraft:dirt":5,"minecraft:lantern":1,"forbidden_arcanus:arcane_crystal_dust_speck":1,"minecraft:bone":5,"minecraft:apple":5,"minecraft:stone_bricks":7,"minecraft:wheat_seeds":64,"minecraft:iron_ingot":1,"minecraft:mossy_stone_bricks":5,"mna:cerublossom":2,"botania:gray_mystical_flower":1,"sophisticatedbackpacks:diamond_backpack":1,"minecraft:dandelion":15,"minecraft:gravel":2,"vampirism:crucifix_normal":1,"vampirism:hunter_coat_chest_ultimate":1,"minecraft:ink_sac":1,"mna:aum":6,"mna:sachet_earth":1,"minecraft:mossy_cobblestone":1,"minecraft:netherite_helmet":1,"minecraft:bread":32,"minecraft:oak_sapling":2,"minecraft:stripped_dark_oak_log":1},"minecraft:crafted":{"biomesoplenty:jacaranda_planks":8,"minecraft:crafting_table":1,"minecraft:stick":4,"minecraft:iron_pickaxe":1},"minecraft:dropped":{"minecraft:wheat_seeds":3,"minecraft:mossy_cobblestone":1,"minecraft:andesite_wall":2,"minecraft:spectral_arrow":1,"vampirism:hunter_coat_chest_ultimate":1,"minecraft:item_frame":1,"minecraft:dirt":1,"minecraft:chain":1,"minecraft:netherite_sword":1,"evilcraft:flesh_humanoid":1,"sophisticatedbackpacks:diamond_backpack":1,"mysticalagriculture:inferium_essence":3,"biomesoplenty:tall_lavender":3},"minecraft:broken":{"minecraft:chainmail_leggings":1,"vampirism:armor_of_swiftness_head_ultimate":1,"minecraft:iron_sword":1},"minecraft:killed_by":{"minecraft:player":1,"iceandfire:gorgon":1,"minecraft:skeleton":2,"minecraft:zombie":3,"vampirism:vampire":1},"minecraft:killed":{"vampirism:vampire":1,"naturalist:rattlesnake":1,"minecraft:skeleton":3,"mna:spell_breaker":2,"enemyexpansion:sprinter":1,"minecraft:zombie":21,"enemyexpansion:botfly":3,"alexsmobs:fly":2,"enemyexpansion:slugger":1},"minecraft:used":{"minecraft:netherite_sword":6,"minecraft:polished_deepslate":849,"elevatorid:elevator_gray":4,"minecraft:ladder":68,"minecraft:spruce_planks":651,"minecraft:stone":232,"minecraft:iron_sword":275,"minecraft:bell":1,"minecraft:torch":25,"minecraft:dirt":701,"minecraft:spyglass":24,"minecraft:spruce_stairs":128,"minecraft:deepslate_brick_slab":159,"minecraft:spruce_fence":84,"minecraft:polished_deepslate_stairs":183,"minecraft:grass_block":885,"minecraft:lantern":41,"minecraft:iron_axe":31,"minecraft:warped_fence":54,"minecraft:polished_deepslate_wall":213,"minecraft:stone_brick_stairs":1,"minecraft:stone_bricks":7,"minecraft:bow":7,"minecraft:warped_stairs":27,"minecraft:mossy_stone_bricks":5,"minecraft:spruce_door":11,"minecraft:deepslate_bricks":1105,"minecraft:cracked_stone_bricks":1,"minecraft:polished_deepslate_slab":322,"alexsmobs:spawn_egg_mimic_octopus":1,"minecraft:crafting_table":1,"minecraft:cobbled_deepslate_stairs":68,"minecraft:warped_planks":640,"minecraft:deepslate_brick_stairs":324,"minecraft:lightning_rod":1,"minecraft:deepslate_tiles":361,"minecraft:warped_trapdoor":278,"minecraft:bread":19,"minecraft:warped_slab":322,"minecraft:iron_pickaxe":80,"minecraft:spruce_trapdoor":54,"minecraft:deepslate":1096,"minecraft:soul_lantern":12,"minecraft:diamond_sword":11,"minecraft:cobblestone":15,"minecraft:cobbled_deepslate_slab":29,"minecraft:turtle_helmet":1,"minecraft:chain":84,"minecraft:smooth_stone_slab":112,"alexsmobs:animal_dictionary":1,"minecraft:soul_torch":20,"minecraft:chainmail_leggings":1}},"DataVersion":3465}