{"stats":{"minecraft:killed":{"naturalist:rattlesnake":1,"vampirism:vampire":1,"minecraft:spider":3,"minecraft:skeleton":4,"minecraft:silverfish":15,"mna:spell_breaker":4,"minecraft:zombie":25,"enemyexpansion:botfly":5,"alexsmobs:fly":5,"mna:skeleton_assassin":2,"minecraft:husk":1,"mna:witch_hunter":1,"enemyexpansion:sprinter":2,"enemyexpansion:slugger":1},"minecraft:mined":{"crystalcraft_unlimited_java:deepslate_spinel_ore":2,"create:deepslate_zinc_ore":38,"crystalcraft_unlimited_java:deepslate_saphire_ore":9,"minecraft:jungle_leaves":1,"minecraft:grass_block":3,"minecraft:stone_brick_wall":1,"crystalcraft_unlimited_java:palintinium_ore":12,"minecraft:red_stained_glass_pane":6,"minecraft:spawner":2,"crystalcraft_unlimited_java:deepslate_citrine_ore":1,"biomesoplenty:tall_lavender":3,"crystalcraft_unlimited_java:deepslate_opal_ore":6,"crystalcraft_unlimited_java:pink_ruby_ore":6,"minecraft:deepslate_lapis_ore":15,"crystalcraft_unlimited_java:deepslate_prism_ore":3,"minecraft:deepslate_redstone_ore":32,"crystalcraft_unlimited_java:deepslate_malachite_ore":1,"crystalcraft_unlimited_java:deepslate_amber_ore":2,"crystalcraft_unlimited_java:deepslate_magnesium_ore":30,"minecraft:torch":4,"malum:brilliant_deepslate":2,"minecraft:cobblestone":3,"crystalcraft_unlimited_java:deepslate_silver_ore":17,"minecraft:wall_torch":1,"crystalcraft_unlimited_java:deepslate_titanium_ore":1,"crystalcraft_unlimited_java:deepslate_sapphire_ore":5,"evilcraft:dark_ore_deepslate":4,"crystalcraft_unlimited_java:deepslate_black_opal_ore":7,"crystalcraft_unlimited_java:deepslate_garnet_ore":6,"minecraft:stone_brick_stairs":1,"minecraft:grass":18,"crystalcraft_unlimited_java:deepslate_rhodium_block":2,"minecraft:oak_log":3,"crystalcraft_unlimited_java:deepslate_aquamarine_ore":5,"minecraft:dirt":2,"crystalcraft_unlimited_java:deepslate_flourite_ore":4,"mysticalagriculture:deepslate_prosperity_ore":30,"minecraft:deepslate":95,"minecraft:tuff":5,"crystalcraft_unlimited_java:deepslate_ametyst_ore":4,"minecraft:deepslate_diamond_ore":28,"crystalcraft_unlimited_java:deepslate_grand_ore":3,"mekanism:deepslate_osmium_ore":5,"minecraft:gray_stained_glass_pane":2,"crystalcraft_unlimited_java:deepslate_topaz_ore":1,"minecraft:spruce_fence":2,"biomesoplenty:dune_grass":1,"crystalcraft_unlimited_java:deepslate_vanadium_ore":2,"biomesoplenty:jacaranda_log":2,"crystalcraft_unlimited_java:molybdenum_ore":2,"mna:aum":1,"crystalcraft_unlimited_java:deepslate_peridot_ore":2,"biomesoplenty:sea_oats":2,"minecraft:vine":2,"crystalcraft_unlimited_java:deepslate_aluminium_ore":4,"minecraft:deepslate_iron_ore":16,"crystalcraft_unlimited_java:deepslate_tourmaline_ore":3,"minecraft:stone":35,"minecraft:stripped_dark_oak_log":4,"crystalcraft_unlimited_java:deepslate_ruby_ore":2,"crystalcraft_unlimited_java:deepslate_uranium_ore":1,"crystalcraft_unlimited_java:deepslate_niobium_ore":1,"crystalcraft_unlimited_java:olivine_ore":2,"crystalcraft_unlimited_java:thorium_ore":1,"minecraft:andesite_wall":2,"malum:deepslate_soulstone_ore":3,"minecraft:tall_grass":20,"minecraft:deepslate_gold_ore":27,"crystalcraft_unlimited_java:deepslate_ruthenium_ore":6,"crystalcraft_unlimited_java:deepslate_tantalum_ore":3,"crystalcraft_unlimited_java:deepslate_ammolite_ore":3,"minecraft:cobblestone_wall":1,"crystalcraft_unlimited_java:deepslate_matizium_ore":9,"minecraft:gravel":2,"mekanism:deepslate_fluorite_ore":71,"mekanism:deepslate_uranium_ore":80,"minecraft:cracked_stone_bricks":2,"minecraft:stone_bricks":9,"minecraft:mossy_stone_bricks":5,"crystalcraft_unlimited_java:deepslate_ametrine_ore":6},"minecraft:broken":{"vampirism:armor_of_swiftness_head_ultimate":1,"minecraft:iron_sword":1,"minecraft:chainmail_leggings":1,"minecraft:iron_pickaxe":1},"minecraft:picked_up":{"crystalcraft_unlimited_java:raw_tantalum":3,"crystalcraft_unlimited_java:amber":2,"mekanism:raw_uranium":80,"minecraft:stone_brick_stairs":1,"crystalcraft_unlimited_java:opal":6,"minecraft:string":4,"biomesoplenty:tall_lavender":3,"minecraft:iron_leggings":1,"minecraft:cobbled_deepslate":112,"mysticalagriculture:inferium_essence":21,"alexsmobs:banana":1,"crystalcraft_unlimited_java:peridot":2,"minecraft:iron_pickaxe":1,"minecraft:stick":9,"apotheosis:gem":5,"minecraft:torch":31,"mysticalagriculture:prosperity_shard":64,"crystalcraft_unlimited_java:saphire":4,"crystalcraft_unlimited_java:raw_aluminium":4,"mna:sachet_ender":3,"crystalcraft_unlimited_java:raw_niobium":1,"minecraft:andesite_wall":4,"minecraft:rotten_flesh":27,"minecraft:netherite_chestplate":1,"supplementaries:ash":2,"minecraft:snowball":2,"minecraft:cobblestone":38,"crystalcraft_unlimited_java:raw_ruthenium":6,"ecologics:walnut":2,"crystalcraft_unlimited_java:spinel":2,"minecraft:tuff":5,"create:raw_zinc":38,"evilcraft:flesh_humanoid":2,"crystalcraft_unlimited_java:raw_molybdenum":2,"crystalcraft_unlimited_java:garnet":6,"minecraft:lantern":1,"minecraft:netherite_leggings":1,"minecraft:dirt":5,"minecraft:lapis_lazuli":101,"crystalcraft_unlimited_java:grandidierite":3,"crystalcraft_unlimited_java:aquamarine":5,"crystalcraft_unlimited_java:topaz":1,"minecraft:bone":11,"crystalcraft_unlimited_java:malachite":1,"minecraft:wheat_seeds":64,"minecraft:raw_gold":27,"crystalcraft_unlimited_java:pink_ruby":6,"minecraft:mossy_stone_bricks":5,"mna:cerublossom":2,"botania:gray_mystical_flower":1,"crystalcraft_unlimited_java:raw_thorium":1,"crystalcraft_unlimited_java:obsidian_stick":2,"malum:raw_soulstone":3,"crystalcraft_unlimited_java:prism":3,"vampirism:crucifix_normal":1,"crystalcraft_unlimited_java:palintinium":12,"crystalcraft_unlimited_java:ammolite":3,"vampirism:hunter_coat_chest_ultimate":1,"minecraft:ink_sac":1,"minecraft:mossy_cobblestone":1,"minecraft:diamond":28,"minecraft:netherite_helmet":1,"minecraft:crossbow":1,"minecraft:bread":43,"alexsmobs:maggot":4,"minecraft:oak_sapling":3,"sophisticatedbackpacks:gold_backpack":1,"crystalcraft_unlimited_java:flourite":4,"minecraft:ladder":2,"croptopia:peach":9,"crystalcraft_unlimited_java:ruby":2,"minecraft:shield":1,"mna:mark_of_the_council":2,"minecraft:cornflower":1,"minecraft:moss_carpet":3,"minecraft:item_frame":1,"ecologics:walnut_sapling":2,"minecraft:cracked_stone_bricks":2,"minecraft:netherite_sword":1,"minecraft:poppy":2,"crystalcraft_unlimited_java:sapphire":9,"minecraft:raw_iron":16,"minecraft:spruce_fence":2,"minecraft:redstone":145,"crystalcraft_unlimited_java:amethyst":4,"minecraft:arrow":8,"biomesoplenty:jacaranda_log":2,"biomesoplenty:willow_sapling":12,"crystalcraft_unlimited_java:raw_vanadium":2,"forbidden_arcanus:spawner_scrap":3,"minecraft:oxeye_daisy":2,"minecraft:netherite_boots":1,"crystalcraft_unlimited_java:black_opal":7,"crystalcraft_unlimited_java:ametrine":7,"malum:cluster_of_brilliance":2,"crystalcraft_unlimited_java:titanium":1,"minecraft:oak_log":3,"minecraft:cobblestone_wall":1,"crystalcraft_unlimited_java:matizium":9,"forbidden_arcanus:arcane_crystal_dust_speck":1,"minecraft:apple":5,"minecraft:stone_bricks":7,"crystalcraft_unlimited_java:tourmaline":3,"minecraft:iron_ingot":1,"sophisticatedbackpacks:diamond_backpack":1,"mna:mark_of_the_undead":1,"minecraft:dandelion":15,"crystalcraft_unlimited_java:raw_silver":17,"minecraft:gravel":2,"crystalcraft_unlimited_java:uranium":1,"minecraft:spider_eye":1,"mekanism:raw_osmium":5,"mna:aum":6,"mna:sachet_earth":3,"crystalcraft_unlimited_java:raw_rhodium":2,"crystalcraft_unlimited_java:olivine":2,"minecraft:chainmail_leggings":1,"evilcraft:dark_gem":18,"mekanism:fluorite_gem":221,"crystalcraft_unlimited_java:raw_magnesium":30,"minecraft:stripped_dark_oak_log":1},"minecraft:dropped":{"minecraft:item_frame":1,"vampirism:hunter_coat_chest_ultimate":1,"minecraft:dirt":1,"minecraft:chain":1,"minecraft:netherite_sword":1,"minecraft:mycelium":1,"evilcraft:flesh_humanoid":1,"sophisticatedbackpacks:diamond_backpack":1,"mysticalagriculture:inferium_essence":3,"biomesoplenty:tall_lavender":3,"minecraft:wheat_seeds":3,"minecraft:mossy_cobblestone":1,"minecraft:andesite_wall":2,"minecraft:spectral_arrow":1},"minecraft:killed_by":{"minecraft:zombie":3,"vampirism:vampire":1,"enemyexpansion:invisicreeper":1,"minecraft:player":1,"minecraft:enderman":1,"iceandfire:gorgon":1,"minecraft:skeleton":2},"minecraft:crafted":{"crystalcraft_unlimited_java:black_opal_pickaxe":1,"biomesoplenty:jacaranda_planks":8,"minecraft:crafting_table":1,"minecraft:stick":4,"minecraft:iron_pickaxe":1},"minecraft:custom":{"minecraft:interact_with_crafting_table":5,"minecraft:open_barrel":7,"minecraft:bell_ring":4,"minecraft:leave_game":17,"minecraft:time_since_death":39284,"minecraft:damage_resisted":19,"minecraft:sprint_one_cm":348349,"minecraft:drop":16,"minecraft:talked_to_villager":1,"minecraft:play_time":738777,"minecraft:deaths":12,"minecraft:jump":3467,"minecraft:walk_on_water_one_cm":21520,"minecraft:interact_with_furnace":5,"vampirism:interact_with_research_table":2,"minecraft:damage_dealt":12364,"minecraft:crouch_one_cm":35798,"minecraft:interact_with_smithing_table":1,"minecraft:mob_kills":76,"minecraft:fill_cauldron":3,"minecraft:damage_dealt_resisted":378,"minecraft:climb_one_cm":73101,"minecraft:walk_one_cm":1156936,"minecraft:damage_dealt_absorbed":97,"minecraft:sneak_time":29119,"minecraft:walk_under_water_one_cm":11588,"minecraft:interact_with_blast_furnace":2,"minecraft:total_world_time":738777,"minecraft:pot_flower":42,"minecraft:time_since_rest":39315,"minecraft:damage_taken":2147483647,"minecraft:swim_one_cm":10321,"minecraft:fly_one_cm":4356505,"minecraft:open_chest":39,"minecraft:fall_one_cm":41848},"minecraft:used":{"minecraft:moss_block":182,"minecraft:moss_carpet":5,"minecraft:purple_candle":8,"minecraft:polished_deepslate":859,"elevatorid:elevator_gray":4,"minecraft:ladder":72,"minecraft:chest":35,"minecraft:stone":249,"minecraft:iron_sword":285,"minecraft:bell":1,"botania:infused_grass":155,"minecraft:deepslate_brick_slab":159,"minecraft:tuff":18,"minecraft:big_dripleaf":7,"minecraft:polished_deepslate_stairs":183,"minecraft:lantern":45,"minecraft:grass_block":1153,"minecraft:stone_brick_stairs":1,"minecraft:stone_bricks":7,"minecraft:bow":19,"croptopia:peach":9,"minecraft:brown_carpet":20,"elevatorid:elevator_brown":3,"minecraft:mossy_stone_bricks":5,"minecraft:spruce_door":11,"minecraft:sugar_cane":8,"biomesoplenty:willow_sapling":5,"elevatorid:elevator_white":4,"minecraft:glow_berries":108,"alexsmobs:spawn_egg_mimic_octopus":1,"minecraft:loom":1,"minecraft:dripstone_block":121,"minecraft:shears":18,"minecraft:cobbled_deepslate_stairs":68,"minecraft:deepslate_brick_stairs":324,"minecraft:lightning_rod":1,"minecraft:deepslate_tiles":362,"minecraft:bread":26,"minecraft:warped_slab":322,"biomesoplenty:yellow_autumn_sapling":19,"minecraft:deepslate":1125,"minecraft:soul_lantern":42,"minecraft:green_candle":8,"minecraft:blue_candle":4,"minecraft:diamond_sword":11,"undergarden:smogstem_sapling":24,"minecraft:grindstone":1,"minecraft:smithing_table":5,"minecraft:chain":162,"minecraft:smooth_stone_slab":112,"minecraft:bone_meal":800,"minecraft:netherite_sword":47,"minecraft:flint_and_steel":22,"minecraft:armor_stand":4,"minecraft:mycelium":416,"minecraft:spruce_planks":653,"minecraft:ender_chest":2,"minecraft:stripped_birch_wood":1,"minecraft:torch":27,"minecraft:brewing_stand":3,"minecraft:dirt":701,"minecraft:spyglass":24,"minecraft:anvil":2,"elevatorid:elevator_black":3,"minecraft:spruce_stairs":128,"minecraft:spruce_fence":84,"minecraft:orange_candle":13,"minecraft:chipped_anvil":4,"minecraft:bookshelf":62,"minecraft:iron_axe":57,"minecraft:warped_fence":54,"minecraft:polished_deepslate_wall":213,"minecraft:red_candle":12,"minecraft:barrel":25,"minecraft:tripwire_hook":14,"minecraft:warped_stairs":27,"minecraft:podzol":3,"crystalcraft_unlimited_java:black_opal_pickaxe":467,"biomesoplenty:magic_leaves":3,"minecraft:brown_candle":33,"create:polished_cut_deepslate":5,"minecraft:pointed_dripstone":21,"chipped:barky_brown_carpet":39,"minecraft:water_bucket":287,"biomesoplenty:redwood_sapling":1,"minecraft:cartography_table":2,"minecraft:cauldron":3,"minecraft:fletching_table":4,"minecraft:stonecutter":1,"minecraft:deepslate_bricks":1106,"minecraft:cracked_stone_bricks":1,"minecraft:polished_deepslate_slab":363,"minecraft:crafting_table":44,"biomesoplenty:orange_autumn_sapling":28,"minecraft:warped_planks":640,"biomesoplenty:magic_sapling":29,"minecraft:flower_pot":49,"minecraft:warped_trapdoor":278,"minecraft:iron_pickaxe":293,"minecraft:spruce_trapdoor":89,"minecraft:cobblestone":15,"minecraft:cobbled_deepslate_slab":51,"minecraft:turtle_helmet":1,"alexsmobs:animal_dictionary":1,"minecraft:sea_pickle":22,"minecraft:soul_torch":20,"minecraft:chainmail_leggings":2}},"DataVersion":3465}