{"stats":{"minecraft:mined":{"minecraft:stripped_dark_oak_log":4,"minecraft:jungle_leaves":1,"minecraft:gray_stained_glass_pane":2,"minecraft:torch":1,"minecraft:stone_brick_wall":1,"minecraft:spruce_fence":2,"minecraft:grass_block":2,"minecraft:andesite_wall":2,"minecraft:tall_grass":13,"minecraft:cobblestone":2,"minecraft:red_stained_glass_pane":6,"biomesoplenty:dune_grass":1,"biomesoplenty:jacaranda_log":2,"biomesoplenty:tall_lavender":3,"minecraft:cobblestone_wall":1,"mna:aum":1,"minecraft:stone_brick_stairs":1,"biomesoplenty:sea_oats":2,"minecraft:grass":11,"minecraft:vine":1,"minecraft:gravel":2,"minecraft:cracked_stone_bricks":2,"minecraft:stone_bricks":9,"minecraft:stone":13,"minecraft:mossy_stone_bricks":5},"minecraft:custom":{"minecraft:interact_with_furnace":5,"minecraft:mob_kills":20,"minecraft:interact_with_crafting_table":1,"vampirism:interact_with_research_table":2,"minecraft:open_barrel":3,"minecraft:damage_dealt_resisted":0,"minecraft:leave_game":10,"minecraft:time_since_death":23537,"minecraft:climb_one_cm":17051,"minecraft:damage_resisted":19,"minecraft:time_since_rest":23572,"minecraft:sprint_one_cm":196226,"minecraft:damage_taken":2147483647,"minecraft:walk_one_cm":527073,"minecraft:drop":9,"minecraft:damage_dealt":3182,"minecraft:talked_to_villager":1,"minecraft:swim_one_cm":7966,"minecraft:fly_one_cm":2430187,"minecraft:open_chest":32,"minecraft:crouch_one_cm":28072,"minecraft:play_time":408618,"minecraft:deaths":2,"minecraft:sneak_time":19757,"minecraft:walk_under_water_one_cm":6892,"minecraft:jump":1990,"minecraft:interact_with_blast_furnace":2,"minecraft:walk_on_water_one_cm":3444,"minecraft:total_world_time":408618,"minecraft:fall_one_cm":19015},"minecraft:picked_up":{"ecologics:walnut":2,"minecraft:ladder":2,"evilcraft:flesh_humanoid":1,"minecraft:stone_brick_stairs":1,"minecraft:cobblestone_wall":1,"minecraft:cornflower":1,"minecraft:dirt":2,"minecraft:lantern":1,"forbidden_arcanus:arcane_crystal_dust_speck":1,"minecraft:item_frame":1,"biomesoplenty:tall_lavender":3,"minecraft:apple":5,"ecologics:walnut_sapling":2,"minecraft:stone_bricks":7,"minecraft:cracked_stone_bricks":2,"mysticalagriculture:inferium_essence":3,"minecraft:wheat_seeds":63,"alexsmobs:banana":1,"minecraft:mossy_stone_bricks":5,"minecraft:poppy":2,"minecraft:iron_pickaxe":1,"mna:cerublossom":2,"botania:gray_mystical_flower":1,"apotheosis:gem":1,"minecraft:torch":1,"minecraft:dandelion":15,"minecraft:gravel":2,"minecraft:spruce_fence":2,"vampirism:crucifix_normal":1,"vampirism:hunter_coat_chest_ultimate":1,"mna:aum":6,"minecraft:andesite_wall":2,"minecraft:rotten_flesh":3,"biomesoplenty:jacaranda_log":2,"minecraft:bread":32,"minecraft:oak_sapling":2,"minecraft:stripped_dark_oak_log":1,"minecraft:cobblestone":15,"minecraft:oxeye_daisy":2},"minecraft:crafted":{"biomesoplenty:jacaranda_planks":8,"minecraft:crafting_table":1,"minecraft:stick":4,"minecraft:iron_pickaxe":1},"minecraft:dropped":{"minecraft:wheat_seeds":3,"minecraft:spectral_arrow":1,"vampirism:hunter_coat_chest_ultimate":1,"minecraft:item_frame":1,"minecraft:dirt":1,"minecraft:chain":1,"biomesoplenty:tall_lavender":3},"minecraft:broken":{"minecraft:chainmail_leggings":1,"vampirism:armor_of_swiftness_head_ultimate":1},"minecraft:killed_by":{"iceandfire:gorgon":1},"minecraft:killed":{"vampirism:vampire":1,"naturalist:rattlesnake":1,"enemyexpansion:sprinter":1,"minecraft:zombie":11,"enemyexpansion:botfly":3,"alexsmobs:fly":1,"enemyexpansion:slugger":1},"minecraft:used":{"minecraft:mossy_stone_bricks":5,"minecraft:polished_deepslate":849,"minecraft:spruce_door":11,"minecraft:ladder":66,"minecraft:spruce_planks":651,"minecraft:iron_sword":118,"minecraft:bell":1,"minecraft:deepslate_bricks":1105,"minecraft:cracked_stone_bricks":1,"minecraft:polished_deepslate_slab":322,"minecraft:dirt":1,"minecraft:spyglass":24,"minecraft:crafting_table":1,"minecraft:spruce_stairs":128,"minecraft:deepslate_brick_slab":159,"minecraft:spruce_fence":84,"minecraft:cobbled_deepslate_stairs":68,"minecraft:warped_planks":640,"minecraft:deepslate_brick_stairs":324,"minecraft:lightning_rod":1,"minecraft:polished_deepslate_stairs":183,"minecraft:deepslate_tiles":361,"minecraft:warped_trapdoor":278,"minecraft:iron_pickaxe":50,"minecraft:lantern":41,"minecraft:grass_block":277,"minecraft:bread":15,"minecraft:warped_slab":322,"minecraft:warped_fence":54,"minecraft:polished_deepslate_wall":213,"minecraft:spruce_trapdoor":54,"minecraft:deepslate":1096,"minecraft:stone_brick_stairs":1,"minecraft:stone_bricks":7,"minecraft:soul_lantern":12,"minecraft:cobblestone":10,"minecraft:warped_stairs":27,"minecraft:cobbled_deepslate_slab":29,"minecraft:turtle_helmet":1,"minecraft:chain":84,"minecraft:smooth_stone_slab":112,"alexsmobs:animal_dictionary":1,"minecraft:soul_torch":20,"minecraft:chainmail_leggings":1}},"DataVersion":3465}