{"stat.useItem.61":3,"stat.craftItem.61":1,"stat.leaveGame":4,"stat.breakItem.257":3,"stat.mineBlock.14":18,"stat.mineBlock.13":1,"stat.mineBlock.16":356,"stat.mineBlock.15":117,"stat.mineBlock.18":2,"stat.mineBlock.17":8,"stat.jump":1937,"stat.swimOneCm":23542,"stat.fallOneCm":34648,"stat.climbOneCm":416,"achievement.buildWorkBench":2,"stat.craftItem.171":6,"achievement.killCow":1,"achievement.exploreAllBiomes":{"value":0,"progress":["Sunflower Plains","Eerie","Roofed Forest","River","Plains","Desert","Extreme Hills","Swampland"]},"stat.mineBlock.12":130,"stat.craftItem.364":28,"crystal":38,"stat.craftItem.5":128,"stat.damageTaken":35610,"stat.mineBlock.4":3,"stat.mineBlock.3":3,"stat.mineBlock.1":160,"stat.killEntity.Enderman":2,"stat.mineBlock.61":3,"stat.useItem.54":1,"stat.flyOneCm":286911,"stat.useItem.50":3,"achievement.buildPickaxe":5,"stat.killEntity.Witch":1,"stat.entityKilledBy.Zombie":5,"stat.damageDealt":29185,"achievement.buildBetterPickaxe":5,"stat.killEntity.Cow":15,"stat.mineBlock.129":7,"stat.killEntity.Pig":4,"stat.mineBlock.73":14,"stat.useItem.58":4,"ic2.mineOre":1,"stat.walkOneCm":711877,"stat.craftItem.265":94,"stat.useItem.278":26,"stat.craftItem.266":3,"stat.craftItem.267":1,"stat.playerKills":2,"stat.craftItem.20":42,"ic2.acquireRefinedIron":25,"stat.craftItem.258":1,"stat.killEntity.Creeper":2,"stat.mineBlock.58":4,"stat.craftItem.257":4,"stat.entityKilledBy.Skeleton":1,"achievement.buildSword":1,"achievement.mineWood":5,"stat.entityKilledBy.Enderman":1,"stat.killEntity.Skeleton":10,"stat.craftItem.320":6,"stat.useItem.258":2,"stat.useItem.257":754,"achievement.openInventory":114,"stat.mineBlock.162":106,"stat.craftItem.280":22,"stat.killEntity.Spider":4,"stat.mobKills":82,"stat.mineBlock.21":1,"achievement.killEnemy":32,"achievement.buildFurnace":1,"stat.craftItem.58":2,"stat.deaths":28,"stat.useItem.267":130,"achievement.acquireIron":26,"stat.drop":139,"stat.craftItem.278":1,"stat.playOneMinute":214208,"stat.craftItem.50":4,"stat.killEntity.Sheep":8,"stat.useItem.4":30,"stat.craftItem.54":3,"stat.useItem.3":1,"stat.killEntity.Zombie":16,"stat.useItem.13":1,"stat.craftItem.306":1,"stat.mineBlock.31":20,"stat.diveOneCm":3498,"stat.craftItem.307":1,"stat.craftItem.308":1,"stat.craftItem.309":1}