{"stats":{"minecraft:crafted":{"minecraft:oak_planks":24,"minecraft:coal":27,"minecraft:crafting_table":1,"minecraft:wooden_pickaxe":1,"minecraft:stick":4,"minecraft:stone_pickaxe":1,"minecraft:torch":16},"minecraft:custom":{"minecraft:interact_with_furnace":2,"minecraft:mob_kills":1,"minecraft:interact_with_crafting_table":2,"minecraft:time_since_death":28326,"minecraft:climb_one_cm":1003,"minecraft:time_since_rest":28358,"minecraft:sprint_one_cm":66880,"minecraft:damage_taken":518,"minecraft:walk_one_cm":109404,"minecraft:drop":7,"minecraft:damage_dealt":208,"minecraft:fly_one_cm":82840,"minecraft:swim_one_cm":3454,"minecraft:talked_to_villager":1,"minecraft:open_chest":6,"minecraft:crouch_one_cm":1240,"minecraft:play_time":41464,"minecraft:deaths":1,"minecraft:sneak_time":298,"minecraft:walk_under_water_one_cm":2089,"minecraft:jump":337,"minecraft:walk_on_water_one_cm":8086,"minecraft:total_world_time":41464,"minecraft:fall_one_cm":8929},"minecraft:killed_by":{"enemyexpansion:equestrian":1},"minecraft:killed":{"minecraft:spider":1},"minecraft:mined":{"mna:brazier":1,"iceandfire:silver_ore":3,"iceandfire:copper_pile":2,"minecraft:crafting_table":1,"mna:cerublossom":1,"mekanism:tin_ore":1,"iceandfire:lectern":1,"minecraft:coal_block":3,"ars_nouveau:sourceberry_bush":12,"botania:light_gray_mystical_flower":4,"mysticalagriculture:inferium_ore":1,"minecraft:iron_ore":1,"minecraft:wheat":4,"evilcraft:dark_ore":2,"croptopia:peach_crop":1,"minecraft:oak_log":20,"iceandfire:silver_pile":3,"iceandfire:gold_pile":3,"minecraft:stone":60,"botania:light_blue_mystical_flower":3},"minecraft:dropped":{"minecraft:wheat_seeds":104,"mna:cerublossom":1,"minecraft:rotten_flesh":1,"iceandfire:copper_nugget":28,"minecraft:gold_nugget":8},"minecraft:used":{"iceandfire:lectern":1,"minecraft:wheat_seeds":4,"minecraft:stone_pickaxe":31,"minecraft:wooden_pickaxe":59,"minecraft:crafting_table":1,"minecraft:cobblestone":5,"croptopia:peach":13,"minecraft:oak_sapling":2,"minecraft:andesite":1,"alexsmobs:animal_dictionary":1,"minecraft:dandelion":1},"minecraft:picked_up":{"minecraft:crafting_table":2,"minecraft:wheat":46,"croptopia:peach":18,"minecraft:andesite":1,"enemyexpansion:wasp_thorax":1,"crystalcraft_unlimited_java:crystalopedia":1,"minecraft:oak_log":30,"minecraft:string":1,"botania:light_blue_mystical_flower":6,"minecraft:gold_nugget":20,"mysticalagriculture:inferium_essence":3,"minecraft:wheat_seeds":172,"minecraft:stone_pickaxe":1,"minecraft:iron_pickaxe":1,"croptopia:elderberry_seed":1,"mna:cerublossom":2,"minecraft:coal_block":3,"minecraft:oak_planks":17,"minecraft:iron_sword":1,"minecraft:stick":4,"minecraft:raw_iron":2,"iceandfire:copper_nugget":28,"mna:brazier":1,"patchouli:guide_book":1,"minecraft:dandelion":1,"minecraft:spider_eye":1,"mekanism:raw_tin":1,"alexsmobs:animal_dictionary":1,"minecraft:rotten_flesh":1,"mna:pedestal":1,"botania:light_gray_mystical_flower":8,"iceandfire:lectern":1,"ars_nouveau:worn_notebook":1,"evilcraft:dark_gem":10,"ars_nouveau:sourceberry_bush":56,"croptopia:elderberry":1,"supplementaries:ash":1,"minecraft:oak_sapling":4,"iceandfire:silver_nugget":10,"iceandfire:raw_silver":3,"minecraft:cobblestone":116},"minecraft:broken":{"minecraft:wooden_pickaxe":1}},"DataVersion":3465}