{"stats":{"minecraft:killed":{"minecraft:cave_spider":8,"bloodandmadness:church_doctor":1,"minecraft:spider":6,"minecraft:vindicator":9,"minecraft:zoglin":1,"minecraft:skeleton":1,"bloodandmadness:brainsucker":1,"goblinsanddungeons:garch":1,"minecraft:chicken":2,"bloodandmadness:church_doctor_scythe":1,"restored_earth:skeleton_wolf":2,"restored_earth:bouldering_zombie":4,"simple_mobs:gryphon":1,"minecraft:husk":3,"simple_mobs:minotaur":1,"minecraft:pig":3,"simple_mobs:gobber":3,"restored_earth:lobber_zombie":1,"dannys_expansion:floam":2,"simple_mobs:goom":1,"goblinsanddungeons:gob":1,"minecraft:rabbit":1,"bloodandmadness:church_doctor_lantern":1,"minecraft:sheep":8,"minecraft:pillager":8,"goblinsanddungeons:hobgob":1,"minecraft:zombie":17,"bloodandmadness:church_doctor_crucifix":1,"simple_mobs:gob":3,"simple_mobs:goblo":1,"quark:wraith":14,"minecraft:cow":18},"minecraft:picked_up":{"minecraft:crafting_table":10,"dawncraft:crystallized_xp":1,"minecraft:splash_potion":4,"bloodandmadness:twin_blood_stone_shards":1,"minecraft:chicken":2,"minecraft:clay_ball":36,"minecraft:gold_block":4,"simple_mobs:bundled_emerald":1,"minecraft:string":28,"minecraft:zombie_head":2,"bloodandmadness:blood_vial":3,"minecraft:cracked_stone_bricks":3,"supplementaries:hourglass":1,"minecraft:spruce_planks":3,"minecraft:beef":34,"minecraft:iron_nugget":4,"minecraft:sugar_cane":6,"minecraft:birch_sapling":4,"irons_spellbooks:inscription_table":1,"minecraft:furnace":2,"minecraft:egg":11,"minecraft:stick":9,"minecraft:raw_iron":52,"apotheosis:gem":5,"immersive_weathering:sand_layer_block":13,"minecraft:torch":10,"untamedwilds:flora_bush_temperate":4,"sophisticatedbackpacks:backpack":5,"minecraft:porkchop":7,"goblinsanddungeons:goblin_crown":3,"bloodandmadness:beastblood_clump":1,"hexerei:sage_seed":1,"minecraft:stone_sword":1,"minecraft:arrow":12,"minecraft:rotten_flesh":22,"minecraft:hay_block":12,"minecraft:bone_block":24,"bloodandmadness:siderite_nugget":1,"minecraft:mutton":2,"minecraft:skeleton_skull":1,"minecraft:white_wool":6,"minecraft:cobblestone":106,"paraglider:paraglider":1,"minecraft:birch_log":5,"epicfight:stone_spear":1,"minecraft:leather":16,"minecraft:filled_map":3,"paraglider:spirit_orb":3,"create:raw_zinc":11,"minecraft:oak_log":2,"minecraft:prismarine_bricks":1,"simple_mobs:griffin_feather":4,"minecraft:dirt":6,"minecraft:paper":2,"minecraft:white_banner":1,"immersive_weathering:exposed_iron_door":1,"minecraft:bone":9,"irons_spellbooks:iron_spell_book":1,"minecraft:apple":2,"minecraft:stone_bricks":3,"goblinsanddungeons:scoria_brick_slab":1,"minecraft:iron_ingot":1,"minecraft:raw_gold":4,"minecraft:stone_pickaxe":1,"minecraft:rabbit_hide":1,"habitat:slime_fern":3,"minecraft:cobweb":6,"quark:soul_bead":14,"minecraft:rabbit":1,"minecraft:glass_bottle":1,"minecraft:moss_block":2,"hexerei:animal_fat":9,"minecraft:black_candle":1,"minecraft:emerald_block":2,"paraglider:essence":2,"minecraft:sweet_berries":2,"minecraft:spruce_sapling":11,"minecraft:spruce_log":32,"simple_mobs:blighted_meat":1,"alexsmobs:bison_carpet":1,"minecraft:spider_eye":2,"bloodandmadness:bullets/quicksilver_bullet":4,"undead_revamp2:rawbostrox":7,"minecraft:spruce_boat":4,"minecraft:gray_wool":1,"minecraft:emerald":3,"minecraft:oak_sapling":3,"minecraft:coal":69},"minecraft:broken":{"minecraft:wooden_pickaxe":1,"irons_spellbooks:wandering_magician_helmet":1,"irons_spellbooks:wandering_magician_chestplate":1},"minecraft:crafted":{"minecraft:oak_planks":8,"simple_mobs:bundled_emerald":1,"minecraft:furnace":1,"minecraft:spruce_fence":3,"minecraft:glass":3,"minecraft:iron_axe":1,"minecraft:spruce_slab":6,"minecraft:stone_pickaxe":1,"minecraft:chest":2,"minecraft:spruce_boat":1,"quark:spruce_chest":3,"sophisticatedbackpacks:iron_backpack":1,"minecraft:wheat":100,"minecraft:cooked_beef":34,"paraglider:paraglider":1,"minecraft:glass_bottle":3,"sophisticatedbackpacks:backpack":2,"minecraft:crafting_table":4,"minecraft:spruce_planks":36,"minecraft:wooden_pickaxe":1,"minecraft:iron_sword":1,"minecraft:bucket":1,"minecraft:birch_planks":20,"minecraft:campfire":1,"minecraft:stone_axe":1,"minecraft:air":167,"minecraft:paper":6,"minecraft:stick":8,"minecraft:iron_ingot":54,"minecraft:iron_pickaxe":1,"minecraft:stone_sword":1,"irons_spellbooks:inscription_table":1,"minecraft:torch":20},"minecraft:custom":{"lootr:looted_stat":17,"minecraft:mob_kills":127,"minecraft:interact_with_crafting_table":28,"minecraft:open_barrel":9,"goblintraders:trade_with_goblin":2,"minecraft:bell_ring":2,"minecraft:damage_dealt_resisted":105,"minecraft:eat_cake_slice":2,"minecraft:leave_game":13,"minecraft:time_since_death":18420,"minecraft:climb_one_cm":41145,"champions:champion_mobs_killed":87,"minecraft:sprint_one_cm":1308173,"minecraft:walk_one_cm":3167471,"minecraft:drop":104,"minecraft:damage_dealt_absorbed":92,"minecraft:play_time":541891,"minecraft:deaths":45,"minecraft:sneak_time":5259,"minecraft:walk_under_water_one_cm":36257,"minecraft:boat_one_cm":1436,"minecraft:interact_with_brewingstand":1,"minecraft:jump":3916,"minecraft:walk_on_water_one_cm":74743,"minecraft:total_world_time":541891,"minecraft:interact_with_furnace":12,"minecraft:sleep_in_bed":1,"minecraft:time_since_rest":18453,"minecraft:waystone_activated":2,"minecraft:damage_taken":14373,"minecraft:damage_absorbed":13342,"minecraft:damage_dealt":6101,"minecraft:player_kills":1,"minecraft:swim_one_cm":14595,"minecraft:fly_one_cm":891308,"minecraft:open_chest":32,"minecraft:crouch_one_cm":25351,"minecraft:fall_one_cm":174730,"minecraft:horse_one_cm":1409},"minecraft:mined":{"create:zinc_ore":9,"quark:dark_oak_bookshelf":2,"create:deepslate_zinc_ore":2,"habitat:slime_fern":3,"minecraft:grass_block":6,"minecraft:moss_block":2,"minecraft:spawner":1,"minecraft:hay_block":12,"immersive_weathering:exposed_iron_door":1,"lilwings:butterfly_jar":1,"minecraft:furnace":2,"undead_revamp2:bostroxore":8,"minecraft:iron_ore":46,"treechop:chopped_log":3,"minecraft:gold_block":4,"minecraft:dirt_path":1,"minecraft:cave_vines":1,"minecraft:vine":1,"minecraft:deepslate_iron_ore":9,"irons_spellbooks:inscription_table":1,"minecraft:stone":105,"minecraft:clay":9,"minecraft:crafting_table":10,"minecraft:torch":4,"untamedwilds:flora_bush_temperate":1,"goblinsanddungeons:scoria_brick_slab":1,"minecraft:cobblestone":7,"minecraft:tall_grass":5,"minecraft:sugar_cane":2,"minecraft:wall_torch":7,"immersive_weathering:moss":3,"minecraft:prismarine_bricks":1,"supplementaries:hourglass":1,"minecraft:sweet_berry_bush":3,"minecraft:birch_leaves":7,"minecraft:grass":2,"minecraft:oak_log":2,"minecraft:coal_ore":61,"minecraft:dirt":6,"minecraft:cobweb":11,"minecraft:cracked_stone_bricks":1,"minecraft:stone_bricks":3,"minecraft:small_dripleaf":1,"minecraft:oak_leaves":19,"minecraft:emerald_block":2},"minecraft:killed_by":{"quark:wraith":2,"minecraft:husk":1,"minecraft:player":3,"simple_mobs:dark_elemental":1,"simple_mobs:minotaur":2,"simple_mobs:cube":1,"simple_mobs:bright_elemental":3,"minecraft:pillager":4,"orcz:orcsavagegroupleader":2,"minecraft:zoglin":1,"minecraft:vindicator":3,"simple_mobs:goblo":1,"goblinsanddungeons:goblin_king":4,"minecraft:zombie":2,"simple_mobs:gob":1,"simple_mobs:gobber":3,"bloodandmadness:church_doctor_pistol":1,"guardvillagers:guard":1,"goblinsanddungeons:garch":1,"dannys_expansion:floam":2},"minecraft:used":{"irons_spellbooks:inscription_table":1,"minecraft:stone_sword":33,"minecraft:spruce_planks":14,"minecraft:iron_sword":138,"minecraft:torch":28,"minecraft:spyglass":12,"minecraft:spruce_boat":3,"quest_giver:trading_contract_weaponsmith":2,"alexsmobs:bison_carpet":1,"quark:spruce_chest":1,"untamedwilds:food_bear_cooked":3,"minecraft:iron_axe":23,"minecraft:written_book":5,"minecraft:oak_sapling":1,"minecraft:furnace":2,"minecraft:cooked_beef":29,"minecraft:glass_bottle":1,"minecraft:stone_pickaxe":100,"minecraft:wooden_pickaxe":53,"minecraft:cookie":1,"minecraft:crafting_table":13,"minecraft:campfire":1,"minecraft:apple":2,"minecraft:bread":35,"minecraft:string":1,"minecraft:iron_pickaxe":143,"minecraft:stone_axe":13,"minecraft:cobblestone":39,"untamedwilds:flora_bush_temperate":1},"minecraft:dropped":{"minecraft:bread":3,"bloodandmadness:bullets/quicksilver_bullet":3,"minecraft:moss_block":2,"minecraft:birch_planks":1,"minecraft:crafting_table":1,"epicfight:stone_spear":1,"minecraft:cracked_stone_bricks":3,"paraglider:spirit_orb":3,"minecraft:emerald":18,"minecraft:dirt":2,"minecraft:cobweb":12,"simple_mobs:griffin_feather":2,"dawncraft:crystallized_xp":1,"minecraft:mutton":2,"minecraft:zombie_head":2,"minecraft:pumpkin_pie":3,"paraglider:paraglider":1,"minecraft:paper":2,"minecraft:string":3,"minecraft:spruce_sapling":11,"minecraft:bone":4,"goblinsanddungeons:goblin_crown":3,"minecraft:stone_axe":1,"hexerei:sage_seed":1,"minecraft:stone_sword":1,"untamedwilds:flora_bush_temperate":2,"simple_mobs:bundled_emerald":1,"minecraft:birch_sapling":4,"habitat:slime_fern":3,"minecraft:chicken":2,"minecraft:rotten_flesh":23,"immersive_weathering:sand_layer_block":18,"sophisticatedbackpacks:backpack":4,"simple_mobs:blighted_meat":1,"untamedwilds:food_bear_cooked":1,"minecraft:filled_map":6,"minecraft:rabbit_hide":1,"minecraft:spruce_boat":1,"minecraft:spruce_planks":3,"minecraft:skeleton_skull":1,"apotheosis:gem":3,"minecraft:oak_sapling":2,"minecraft:spider_eye":3,"minecraft:stone_bricks":3,"irons_spellbooks:iron_spell_book":1,"minecraft:arrow":6,"minecraft:stone_pickaxe":2,"minecraft:prismarine_bricks":1,"minecraft:written_book":3,"minecraft:splash_potion":4,"minecraft:egg":11}},"DataVersion":2975}