{"stats":{"minecraft:broken":{"minecraft:wooden_pickaxe":1},"minecraft:picked_up":{"sophisticatedbackpacks:gold_backpack":1,"minecraft:crafting_table":2,"minecraft:wheat":46,"croptopia:peach":18,"enemyexpansion:wasp_thorax":1,"crystalcraft_unlimited_java:crystalopedia":1,"forbidden_arcanus:xpetrified_orb":6,"minecraft:string":1,"mysticalagriculture:inferium_essence":8,"minecraft:gold_nugget":20,"minecraft:beef":6,"minecraft:iron_pickaxe":1,"minecraft:coal_block":3,"forbidden_arcanus:bat_wing":1,"minecraft:stick":5,"minecraft:raw_iron":20,"ars_nouveau:purple_archwood_log":61,"crystalcraft_unlimited_java:raw_iridium":2,"mna:brazier":1,"minecraft:torch":1,"ars_nouveau:purple_archwood_sapling":10,"minecraft:porkchop":7,"crystalcraft_unlimited_java:amethyst":1,"mekanism:raw_tin":1,"minecraft:rotten_flesh":1,"mna:pedestal":1,"botania:light_gray_mystical_flower":8,"ars_nouveau:worn_notebook":1,"minecraft:warped_sign":1,"supplementaries:ash":1,"ars_nouveau:sourceberry_bush":56,"croptopia:elderberry":2,"minecraft:cobblestone":120,"crystalcraft_unlimited_java:ametrine":2,"minecraft:andesite":1,"croptopia:glowing_calamari":1,"minecraft:oak_log":30,"minecraft:lily_pad":1,"crystalcraft_unlimited_java:matizium":2,"botania:light_blue_mystical_flower":6,"naturalist:bass":1,"minecraft:wheat_seeds":181,"minecraft:stone_pickaxe":1,"croptopia:elderberry_seed":1,"mna:cerublossom":2,"minecraft:oak_planks":17,"minecraft:iron_sword":1,"iceandfire:copper_nugget":28,"malum:raw_soulstone":9,"mna:raw_vinteum":8,"patchouli:guide_book":1,"minecraft:dandelion":1,"minecraft:gravel":1,"quark:oak_chest":1,"minecraft:spider_eye":1,"alexsmobs:animal_dictionary":1,"crystalcraft_unlimited_java:alexandrite":2,"iceandfire:lectern":1,"evilcraft:dark_gem":15,"minecraft:bone_meal":1,"minecraft:oak_sapling":4,"minecraft:coal":34,"iceandfire:silver_nugget":10,"iceandfire:raw_silver":3},"minecraft:killed_by":{"enemyexpansion:equestrian":1},"minecraft:mined":{"mna:brazier":1,"iceandfire:silver_ore":3,"crystalcraft_unlimited_java:ametrine_ore":2,"iceandfire:copper_pile":2,"malum:soulstone_ore":9,"iceandfire:lectern":1,"minecraft:coal_block":3,"crystalcraft_unlimited_java:amethyst_ore":1,"mna:vinteum_ore":8,"ars_nouveau:sourceberry_bush":12,"botania:light_gray_mystical_flower":4,"mysticalagriculture:inferium_ore":1,"minecraft:iron_ore":19,"evilcraft:dark_ore":3,"croptopia:peach_crop":1,"iceandfire:gold_pile":3,"minecraft:stone":64,"botania:light_blue_mystical_flower":3,"ars_nouveau:purple_archwood_log":61,"crystalcraft_unlimited_java:matizium_ore":2,"quark:oak_chest":1,"minecraft:crafting_table":1,"mna:cerublossom":1,"mekanism:tin_ore":1,"minecraft:tall_grass":19,"crystalcraft_unlimited_java:iridium_ore":2,"forbidden_arcanus:xpetrified_ore":4,"crystalcraft_unlimited_java:alexandrite_ore":2,"minecraft:wheat":4,"minecraft:grass":23,"minecraft:oak_log":20,"minecraft:coal_ore":34,"iceandfire:silver_pile":3},"minecraft:custom":{"minecraft:mob_kills":45,"minecraft:interact_with_crafting_table":3,"minecraft:open_barrel":2,"minecraft:damage_dealt_resisted":0,"minecraft:leave_game":7,"minecraft:time_since_death":248420,"minecraft:climb_one_cm":1443,"minecraft:sprint_one_cm":208935,"minecraft:walk_one_cm":473771,"minecraft:drop":15,"minecraft:talked_to_villager":1,"minecraft:play_time":687371,"minecraft:sneak_time":15102,"minecraft:deaths":2,"minecraft:walk_under_water_one_cm":181176,"minecraft:jump":1099,"minecraft:walk_on_water_one_cm":115482,"minecraft:total_world_time":687371,"minecraft:interact_with_furnace":3,"minecraft:time_since_rest":248490,"minecraft:damage_taken":558,"minecraft:damage_dealt":4209,"minecraft:swim_one_cm":4981,"minecraft:fly_one_cm":1636355,"minecraft:open_chest":14,"minecraft:crouch_one_cm":9163,"minecraft:fall_one_cm":20644},"minecraft:used":{"iceandfire:lectern":1,"minecraft:oak_trapdoor":14,"minecraft:netherite_sword":24,"minecraft:spruce_slab":29,"minecraft:spruce_planks":436,"minecraft:stone":2641,"minecraft:iron_sword":41,"minecraft:bubble_coral":5,"minecraft:mossy_stone_brick_slab":25,"minecraft:tube_coral":8,"minecraft:torch":1,"create:redstone_contact":1,"minecraft:spruce_stairs":375,"minecraft:spruce_fence":28,"minecraft:stripped_spruce_log":860,"minecraft:glass":5,"minecraft:stone_brick_slab":139,"minecraft:red_wool":135,"minecraft:lantern":14,"minecraft:grass_block":455,"minecraft:spruce_button":8,"draconicevolution:chaotic_sword":1,"minecraft:stone_brick_stairs":125,"minecraft:stone_bricks":176,"minecraft:glowstone":88,"croptopia:peach":13,"minecraft:horn_coral":2,"quark:andesite_bricks":208,"minecraft:oak_sapling":2,"minecraft:wheat_seeds":4,"minecraft:mossy_stone_bricks":185,"minecraft:water_bucket":119,"crystalcraft_unlimited_java:adamantite_sword":23,"minecraft:stone_pickaxe":31,"minecraft:wooden_pickaxe":59,"minecraft:mossy_stone_brick_stairs":4,"minecraft:spruce_fence_gate":18,"minecraft:brain_coral":8,"minecraft:crafting_table":2,"crystalcraft_unlimited_java:adamantite_and_mythril_axe":1,"minecraft:fire_coral":5,"minecraft:stone_brick_wall":31,"minecraft:spruce_log":11,"minecraft:iron_pickaxe":87,"minecraft:spruce_trapdoor":704,"minecraft:cobblestone":5,"minecraft:potion":30,"minecraft:andesite":1,"minecraft:chain":14,"quark:oak_chest":8,"alexsmobs:animal_dictionary":1,"minecraft:sea_pickle":84,"minecraft:dandelion":1,"minecraft:bone_meal":49},"minecraft:dropped":{"minecraft:wheat_seeds":104,"mna:cerublossom":1,"minecraft:grass_block":1,"sophisticatedbackpacks:gold_backpack":1,"botania:light_blue_mystical_flower":3,"iceandfire:copper_nugget":28,"minecraft:gold_nugget":8,"minecraft:bone_meal":1,"croptopia:elderberry":2,"minecraft:rotten_flesh":1,"minecraft:warped_sign":1,"supplementaries:ash":1},"minecraft:crafted":{"minecraft:oak_planks":72,"minecraft:coal":27,"minecraft:stone_pickaxe":1,"minecraft:crafting_table":1,"minecraft:wooden_pickaxe":1,"minecraft:stick":4,"quark:oak_chest":7,"minecraft:torch":16},"minecraft:killed":{"minecraft:spider":1,"minecraft:tadpole":11,"minecraft:pig":3,"minecraft:frog":27,"minecraft:cow":2}},"DataVersion":3465}