{"stats":{"minecraft:killed":{"minecraft:vindicator":9,"minecraft:skeleton":1,"bloodandmadness:brainsucker":1,"minecraft:chicken":2,"restored_earth:skeleton_wolf":2,"restored_earth:bouldering_zombie":4,"simple_mobs:gryphon":1,"minecraft:husk":3,"simple_mobs:minotaur":1,"restored_earth:lobber_zombie":1,"dannys_expansion:floam":2,"minecraft:rabbit":1,"minecraft:sheep":8,"minecraft:pillager":1,"minecraft:zombie":15,"minecraft:cow":18},"minecraft:picked_up":{"minecraft:crafting_table":8,"minecraft:chicken":2,"minecraft:clay_ball":36,"minecraft:string":2,"minecraft:zombie_head":2,"bloodandmadness:blood_vial":1,"minecraft:cracked_stone_bricks":3,"minecraft:beef":34,"minecraft:sugar_cane":6,"minecraft:birch_sapling":2,"minecraft:furnace":2,"minecraft:egg":11,"minecraft:stick":9,"minecraft:raw_iron":52,"apotheosis:gem":2,"immersive_weathering:sand_layer_block":13,"minecraft:torch":10,"untamedwilds:flora_bush_temperate":3,"sophisticatedbackpacks:backpack":1,"bloodandmadness:beastblood_clump":1,"hexerei:sage_seed":1,"minecraft:arrow":6,"minecraft:rotten_flesh":21,"minecraft:hay_block":12,"minecraft:mutton":2,"bloodandmadness:siderite_nugget":1,"minecraft:white_wool":6,"minecraft:skeleton_skull":1,"minecraft:bone_block":24,"minecraft:cobblestone":77,"paraglider:paraglider":1,"minecraft:birch_log":5,"epicfight:stone_spear":1,"minecraft:leather":15,"minecraft:filled_map":3,"paraglider:spirit_orb":3,"create:raw_zinc":11,"minecraft:oak_log":2,"simple_mobs:griffin_feather":4,"minecraft:dirt":4,"minecraft:white_banner":1,"irons_spellbooks:iron_spell_book":1,"minecraft:bone":9,"minecraft:apple":2,"minecraft:stone_bricks":3,"minecraft:rabbit_hide":1,"minecraft:raw_gold":4,"habitat:slime_fern":3,"minecraft:iron_ingot":1,"minecraft:stone_pickaxe":1,"minecraft:rabbit":1,"minecraft:glass_bottle":1,"minecraft:moss_block":2,"hexerei:animal_fat":9,"minecraft:black_candle":1,"minecraft:spruce_sapling":11,"minecraft:spruce_log":32,"simple_mobs:blighted_meat":1,"undead_revamp2:rawbostrox":7,"minecraft:gray_wool":1,"minecraft:emerald":3,"minecraft:oak_sapling":2,"minecraft:coal":62},"minecraft:broken":{"minecraft:wooden_pickaxe":1,"irons_spellbooks:wandering_magician_helmet":1,"irons_spellbooks:wandering_magician_chestplate":1},"minecraft:crafted":{"minecraft:oak_planks":8,"simple_mobs:bundled_emerald":1,"minecraft:furnace":1,"minecraft:glass":3,"minecraft:iron_axe":1,"minecraft:stone_pickaxe":1,"minecraft:cooked_beef":34,"paraglider:paraglider":1,"minecraft:glass_bottle":3,"minecraft:crafting_table":2,"minecraft:wooden_pickaxe":1,"minecraft:iron_sword":1,"minecraft:birch_planks":20,"minecraft:bucket":1,"minecraft:campfire":1,"minecraft:stone_axe":1,"minecraft:air":24,"minecraft:paper":6,"minecraft:stick":8,"minecraft:iron_ingot":54,"minecraft:iron_pickaxe":1,"minecraft:stone_sword":1,"minecraft:torch":20},"minecraft:custom":{"lootr:looted_stat":2,"minecraft:mob_kills":74,"minecraft:interact_with_crafting_table":18,"minecraft:open_barrel":6,"goblintraders:trade_with_goblin":2,"minecraft:bell_ring":1,"minecraft:eat_cake_slice":2,"minecraft:leave_game":7,"minecraft:time_since_death":1291,"minecraft:climb_one_cm":6896,"champions:champion_mobs_killed":38,"minecraft:sprint_one_cm":640473,"minecraft:walk_one_cm":2028226,"minecraft:drop":59,"minecraft:damage_dealt_absorbed":20,"minecraft:play_time":328133,"minecraft:deaths":19,"minecraft:sneak_time":2175,"minecraft:walk_under_water_one_cm":28984,"minecraft:jump":2025,"minecraft:walk_on_water_one_cm":61388,"minecraft:total_world_time":328133,"minecraft:interact_with_furnace":11,"minecraft:sleep_in_bed":1,"minecraft:time_since_rest":1328,"minecraft:damage_taken":5672,"minecraft:damage_absorbed":6712,"minecraft:damage_dealt":3045,"minecraft:swim_one_cm":2130,"minecraft:fly_one_cm":457449,"minecraft:open_chest":9,"minecraft:crouch_one_cm":12383,"minecraft:fall_one_cm":85272},"minecraft:mined":{"create:zinc_ore":9,"create:deepslate_zinc_ore":2,"habitat:slime_fern":3,"minecraft:grass_block":5,"minecraft:moss_block":2,"minecraft:spawner":1,"minecraft:hay_block":12,"lilwings:butterfly_jar":1,"minecraft:furnace":2,"undead_revamp2:bostroxore":8,"minecraft:iron_ore":46,"treechop:chopped_log":3,"minecraft:vine":1,"minecraft:cave_vines":1,"minecraft:deepslate_iron_ore":9,"minecraft:stone":74,"minecraft:clay":9,"minecraft:crafting_table":8,"minecraft:torch":4,"minecraft:tall_grass":4,"minecraft:cobblestone":3,"minecraft:sugar_cane":2,"minecraft:wall_torch":6,"immersive_weathering:moss":3,"minecraft:sweet_berry_bush":1,"minecraft:birch_leaves":7,"minecraft:grass":1,"minecraft:oak_log":2,"minecraft:coal_ore":54,"minecraft:dirt":2,"minecraft:cracked_stone_bricks":1,"minecraft:stone_bricks":3,"minecraft:small_dripleaf":1,"minecraft:oak_leaves":11},"minecraft:used":{"minecraft:stone_sword":33,"minecraft:iron_sword":44,"minecraft:torch":19,"minecraft:spyglass":12,"quest_giver:trading_contract_weaponsmith":2,"minecraft:iron_axe":16,"minecraft:furnace":2,"minecraft:cooked_beef":15,"minecraft:glass_bottle":1,"minecraft:stone_pickaxe":100,"minecraft:wooden_pickaxe":53,"minecraft:cookie":1,"minecraft:crafting_table":9,"minecraft:campfire":1,"minecraft:apple":2,"minecraft:bread":3,"minecraft:iron_pickaxe":87,"minecraft:stone_axe":13,"minecraft:cobblestone":17,"untamedwilds:flora_bush_temperate":1},"minecraft:killed_by":{"minecraft:husk":1,"simple_mobs:dark_elemental":1,"simple_mobs:minotaur":2,"minecraft:pillager":1,"simple_mobs:bright_elemental":3,"orcz:orcsavagegroupleader":2,"minecraft:vindicator":2,"minecraft:zombie":2,"dannys_expansion:floam":2},"minecraft:dropped":{"minecraft:bread":3,"minecraft:moss_block":2,"minecraft:birch_planks":1,"epicfight:stone_spear":1,"minecraft:cracked_stone_bricks":3,"paraglider:spirit_orb":3,"simple_mobs:griffin_feather":2,"minecraft:mutton":2,"minecraft:zombie_head":2,"paraglider:paraglider":1,"minecraft:string":2,"minecraft:spruce_sapling":11,"minecraft:bone":4,"minecraft:stone_axe":1,"hexerei:sage_seed":1,"minecraft:stone_sword":1,"untamedwilds:flora_bush_temperate":2,"minecraft:birch_sapling":2,"habitat:slime_fern":3,"minecraft:chicken":2,"minecraft:rotten_flesh":2,"immersive_weathering:sand_layer_block":18,"simple_mobs:blighted_meat":1,"minecraft:filled_map":5,"minecraft:rabbit_hide":1,"minecraft:skeleton_skull":1,"minecraft:oak_sapling":2,"minecraft:stone_bricks":3,"irons_spellbooks:iron_spell_book":1,"minecraft:arrow":6,"minecraft:stone_pickaxe":2,"minecraft:egg":11}},"DataVersion":2975}