{"stats":{"minecraft:killed":{"bloodandmadness:church_doctor":1,"minecraft:spider":1,"minecraft:vindicator":9,"minecraft:zoglin":1,"minecraft:skeleton":1,"bloodandmadness:brainsucker":1,"minecraft:chicken":2,"bloodandmadness:church_doctor_scythe":1,"restored_earth:skeleton_wolf":2,"restored_earth:bouldering_zombie":4,"simple_mobs:gryphon":1,"minecraft:husk":3,"simple_mobs:minotaur":1,"restored_earth:lobber_zombie":1,"dannys_expansion:floam":2,"minecraft:rabbit":1,"bloodandmadness:church_doctor_lantern":1,"minecraft:sheep":8,"minecraft:pillager":1,"minecraft:zombie":15,"bloodandmadness:church_doctor_crucifix":1,"quark:wraith":14,"minecraft:cow":18},"minecraft:picked_up":{"minecraft:crafting_table":8,"dawncraft:crystallized_xp":1,"bloodandmadness:twin_blood_stone_shards":1,"minecraft:splash_potion":4,"minecraft:chicken":2,"minecraft:clay_ball":36,"minecraft:string":3,"minecraft:zombie_head":2,"bloodandmadness:blood_vial":3,"minecraft:cracked_stone_bricks":3,"supplementaries:hourglass":1,"minecraft:spruce_planks":3,"minecraft:beef":34,"minecraft:sugar_cane":6,"minecraft:birch_sapling":2,"minecraft:furnace":2,"minecraft:egg":11,"minecraft:stick":9,"minecraft:raw_iron":52,"apotheosis:gem":4,"immersive_weathering:sand_layer_block":13,"minecraft:torch":10,"untamedwilds:flora_bush_temperate":3,"sophisticatedbackpacks:backpack":1,"bloodandmadness:beastblood_clump":1,"hexerei:sage_seed":1,"minecraft:arrow":6,"minecraft:rotten_flesh":22,"minecraft:hay_block":12,"bloodandmadness:siderite_nugget":1,"minecraft:mutton":2,"minecraft:white_wool":6,"minecraft:skeleton_skull":1,"minecraft:bone_block":24,"minecraft:cobblestone":83,"paraglider:paraglider":1,"minecraft:birch_log":5,"epicfight:stone_spear":1,"minecraft:leather":15,"minecraft:filled_map":3,"paraglider:spirit_orb":3,"minecraft:prismarine_bricks":1,"create:raw_zinc":11,"minecraft:oak_log":2,"simple_mobs:griffin_feather":4,"minecraft:paper":2,"minecraft:dirt":4,"minecraft:white_banner":1,"immersive_weathering:exposed_iron_door":1,"irons_spellbooks:iron_spell_book":1,"minecraft:bone":9,"minecraft:apple":2,"minecraft:stone_bricks":3,"minecraft:cobweb":6,"minecraft:raw_gold":4,"minecraft:rabbit_hide":1,"minecraft:iron_ingot":1,"habitat:slime_fern":3,"minecraft:stone_pickaxe":1,"quark:soul_bead":14,"minecraft:rabbit":1,"minecraft:glass_bottle":1,"minecraft:moss_block":2,"hexerei:animal_fat":9,"minecraft:black_candle":1,"paraglider:essence":2,"minecraft:spruce_sapling":11,"minecraft:spruce_log":32,"simple_mobs:blighted_meat":1,"bloodandmadness:bullets/quicksilver_bullet":2,"undead_revamp2:rawbostrox":7,"minecraft:gray_wool":1,"minecraft:emerald":3,"minecraft:oak_sapling":2,"minecraft:coal":69},"minecraft:broken":{"minecraft:wooden_pickaxe":1,"irons_spellbooks:wandering_magician_helmet":1,"irons_spellbooks:wandering_magician_chestplate":1},"minecraft:crafted":{"minecraft:oak_planks":8,"simple_mobs:bundled_emerald":1,"minecraft:furnace":1,"minecraft:glass":3,"minecraft:iron_axe":1,"minecraft:stone_pickaxe":1,"minecraft:spruce_boat":1,"minecraft:cooked_beef":34,"paraglider:paraglider":1,"minecraft:glass_bottle":3,"minecraft:spruce_planks":8,"minecraft:crafting_table":2,"minecraft:wooden_pickaxe":1,"minecraft:iron_sword":1,"minecraft:birch_planks":20,"minecraft:bucket":1,"minecraft:campfire":1,"minecraft:stone_axe":1,"minecraft:air":24,"minecraft:paper":6,"minecraft:stick":8,"minecraft:iron_ingot":54,"minecraft:iron_pickaxe":1,"minecraft:stone_sword":1,"minecraft:torch":20},"minecraft:custom":{"lootr:looted_stat":10,"minecraft:mob_kills":95,"minecraft:interact_with_crafting_table":19,"minecraft:open_barrel":9,"goblintraders:trade_with_goblin":2,"minecraft:bell_ring":1,"minecraft:damage_dealt_resisted":105,"minecraft:eat_cake_slice":2,"minecraft:leave_game":8,"minecraft:time_since_death":10095,"minecraft:climb_one_cm":41145,"champions:champion_mobs_killed":54,"minecraft:sprint_one_cm":740744,"minecraft:walk_one_cm":2309580,"minecraft:drop":84,"minecraft:damage_dealt_absorbed":20,"minecraft:play_time":400584,"minecraft:deaths":24,"minecraft:sneak_time":2943,"minecraft:walk_under_water_one_cm":30762,"minecraft:boat_one_cm":776,"minecraft:interact_with_brewingstand":1,"minecraft:jump":2493,"minecraft:walk_on_water_one_cm":65206,"minecraft:total_world_time":400584,"minecraft:interact_with_furnace":11,"minecraft:sleep_in_bed":1,"minecraft:time_since_rest":10129,"minecraft:damage_taken":7137,"minecraft:damage_absorbed":6712,"minecraft:damage_dealt":4879,"minecraft:swim_one_cm":10037,"minecraft:fly_one_cm":620668,"minecraft:open_chest":30,"minecraft:crouch_one_cm":13205,"minecraft:fall_one_cm":93697},"minecraft:mined":{"quark:dark_oak_bookshelf":2,"create:zinc_ore":9,"create:deepslate_zinc_ore":2,"habitat:slime_fern":3,"minecraft:grass_block":5,"minecraft:moss_block":2,"minecraft:spawner":1,"immersive_weathering:exposed_iron_door":1,"minecraft:hay_block":12,"lilwings:butterfly_jar":1,"minecraft:furnace":2,"undead_revamp2:bostroxore":8,"minecraft:iron_ore":46,"treechop:chopped_log":3,"minecraft:vine":1,"minecraft:cave_vines":1,"minecraft:deepslate_iron_ore":9,"minecraft:stone":80,"minecraft:clay":9,"minecraft:crafting_table":8,"minecraft:torch":4,"minecraft:tall_grass":4,"minecraft:cobblestone":3,"minecraft:sugar_cane":2,"minecraft:wall_torch":6,"immersive_weathering:moss":3,"minecraft:prismarine_bricks":1,"supplementaries:hourglass":1,"minecraft:sweet_berry_bush":1,"minecraft:birch_leaves":7,"minecraft:grass":1,"minecraft:oak_log":2,"minecraft:coal_ore":61,"minecraft:dirt":2,"minecraft:cracked_stone_bricks":1,"minecraft:stone_bricks":3,"minecraft:small_dripleaf":1,"minecraft:oak_leaves":11},"minecraft:used":{"minecraft:stone_sword":33,"minecraft:iron_sword":86,"minecraft:torch":20,"minecraft:spyglass":12,"minecraft:spruce_boat":1,"quest_giver:trading_contract_weaponsmith":2,"minecraft:iron_axe":16,"minecraft:written_book":5,"minecraft:furnace":2,"minecraft:cooked_beef":21,"minecraft:glass_bottle":1,"minecraft:stone_pickaxe":100,"minecraft:wooden_pickaxe":53,"minecraft:cookie":1,"minecraft:crafting_table":10,"minecraft:campfire":1,"minecraft:apple":2,"minecraft:bread":3,"minecraft:string":1,"minecraft:iron_pickaxe":103,"minecraft:stone_axe":13,"minecraft:cobblestone":22,"untamedwilds:flora_bush_temperate":1},"minecraft:killed_by":{"quark:wraith":2,"minecraft:husk":1,"simple_mobs:dark_elemental":1,"simple_mobs:minotaur":2,"minecraft:pillager":1,"simple_mobs:bright_elemental":3,"orcz:orcsavagegroupleader":2,"minecraft:zoglin":1,"minecraft:vindicator":3,"minecraft:zombie":2,"bloodandmadness:church_doctor_pistol":1,"dannys_expansion:floam":2},"minecraft:dropped":{"minecraft:bread":3,"minecraft:moss_block":2,"minecraft:birch_planks":1,"epicfight:stone_spear":1,"minecraft:cracked_stone_bricks":3,"paraglider:spirit_orb":3,"minecraft:cobweb":12,"simple_mobs:griffin_feather":2,"dawncraft:crystallized_xp":1,"minecraft:mutton":2,"minecraft:zombie_head":2,"minecraft:pumpkin_pie":3,"minecraft:paper":2,"paraglider:paraglider":1,"minecraft:string":3,"minecraft:spruce_sapling":11,"minecraft:bone":4,"minecraft:stone_axe":1,"hexerei:sage_seed":1,"minecraft:stone_sword":1,"untamedwilds:flora_bush_temperate":2,"minecraft:birch_sapling":2,"habitat:slime_fern":3,"minecraft:chicken":2,"minecraft:rotten_flesh":23,"immersive_weathering:sand_layer_block":18,"untamedwilds:food_bear_cooked":1,"simple_mobs:blighted_meat":1,"minecraft:filled_map":6,"minecraft:rabbit_hide":1,"minecraft:spruce_planks":3,"minecraft:skeleton_skull":1,"apotheosis:gem":2,"minecraft:oak_sapling":2,"minecraft:spider_eye":2,"minecraft:stone_bricks":3,"irons_spellbooks:iron_spell_book":1,"minecraft:arrow":6,"minecraft:stone_pickaxe":2,"minecraft:written_book":3,"minecraft:splash_potion":4,"minecraft:egg":11}},"DataVersion":2975}