{"stats":{"minecraft:dropped":{"irons_spellbooks:iron_spell_book":1},"minecraft:killed":{"minecraft:cow":4},"minecraft:broken":{"minecraft:wooden_pickaxe":1},"minecraft:custom":{"minecraft:time_since_rest":23313,"minecraft:sprint_one_cm":15517,"minecraft:damage_taken":10,"minecraft:walk_one_cm":61800,"minecraft:mob_kills":4,"minecraft:drop":1,"minecraft:damage_dealt":120,"minecraft:interact_with_crafting_table":4,"minecraft:fly_one_cm":17026,"minecraft:play_time":23313,"minecraft:sneak_time":29,"minecraft:jump":132,"minecraft:leave_game":1,"minecraft:time_since_death":23313,"minecraft:total_world_time":23313,"minecraft:fall_one_cm":1627},"minecraft:used":{"minecraft:stone_pickaxe":10,"minecraft:wooden_pickaxe":53,"minecraft:stone_axe":1,"minecraft:crafting_table":3},"minecraft:crafted":{"minecraft:oak_planks":8,"minecraft:crafting_table":2,"minecraft:stick":8,"minecraft:wooden_pickaxe":1,"minecraft:stone_pickaxe":1,"minecraft:stone_sword":1,"minecraft:furnace":1,"minecraft:birch_planks":20,"minecraft:stone_axe":1},"minecraft:picked_up":{"minecraft:birch_log":5,"hexerei:animal_fat":3,"minecraft:stick":8,"minecraft:crafting_table":2,"minecraft:leather":3,"paraglider:spirit_orb":1,"minecraft:oak_log":2,"irons_spellbooks:iron_spell_book":1,"minecraft:apple":2,"minecraft:beef":10,"minecraft:oak_sapling":2,"minecraft:birch_sapling":2,"minecraft:coal":5,"minecraft:cobblestone":50},"minecraft:mined":{"minecraft:birch_leaves":5,"treechop:chopped_log":1,"minecraft:crafting_table":2,"minecraft:oak_log":2,"minecraft:coal_ore":5,"minecraft:dirt":1,"minecraft:stone":50,"minecraft:oak_leaves":7}},"DataVersion":2975}