{"stats":{"minecraft:killed":{"minecraft:skeleton":1,"bloodandmadness:brainsucker":1,"minecraft:chicken":2,"restored_earth:skeleton_wolf":2,"restored_earth:bouldering_zombie":4,"simple_mobs:gryphon":1,"simple_mobs:minotaur":1,"restored_earth:lobber_zombie":1,"dannys_expansion:floam":2,"minecraft:rabbit":1,"minecraft:pillager":1,"minecraft:zombie":15,"minecraft:cow":18},"minecraft:picked_up":{"minecraft:crafting_table":8,"minecraft:chicken":2,"minecraft:clay_ball":36,"minecraft:string":1,"minecraft:zombie_head":2,"bloodandmadness:blood_vial":1,"minecraft:beef":34,"minecraft:sugar_cane":6,"minecraft:birch_sapling":2,"minecraft:furnace":2,"minecraft:egg":2,"minecraft:stick":8,"minecraft:raw_iron":52,"apotheosis:gem":2,"immersive_weathering:sand_layer_block":13,"minecraft:torch":10,"untamedwilds:flora_bush_temperate":3,"sophisticatedbackpacks:backpack":1,"bloodandmadness:beastblood_clump":1,"hexerei:sage_seed":1,"minecraft:arrow":6,"minecraft:rotten_flesh":21,"bloodandmadness:siderite_nugget":1,"minecraft:skeleton_skull":1,"minecraft:bone_block":24,"minecraft:cobblestone":76,"paraglider:paraglider":1,"minecraft:birch_log":5,"epicfight:stone_spear":1,"minecraft:leather":15,"minecraft:filled_map":3,"paraglider:spirit_orb":3,"create:raw_zinc":11,"minecraft:oak_log":2,"simple_mobs:griffin_feather":4,"minecraft:dirt":2,"irons_spellbooks:iron_spell_book":1,"minecraft:bone":9,"minecraft:apple":2,"minecraft:raw_gold":4,"habitat:slime_fern":3,"minecraft:iron_ingot":1,"minecraft:stone_pickaxe":1,"minecraft:glass_bottle":1,"minecraft:moss_block":2,"hexerei:animal_fat":9,"minecraft:spruce_sapling":11,"minecraft:spruce_log":32,"simple_mobs:blighted_meat":1,"undead_revamp2:rawbostrox":7,"minecraft:oak_sapling":2,"minecraft:coal":62},"minecraft:broken":{"minecraft:wooden_pickaxe":1,"irons_spellbooks:wandering_magician_helmet":1,"irons_spellbooks:wandering_magician_chestplate":1},"minecraft:custom":{"minecraft:mob_kills":53,"minecraft:interact_with_crafting_table":17,"goblintraders:trade_with_goblin":2,"minecraft:leave_game":7,"minecraft:time_since_death":1637,"minecraft:climb_one_cm":2856,"champions:champion_mobs_killed":26,"minecraft:sprint_one_cm":542180,"minecraft:walk_one_cm":1736397,"minecraft:drop":47,"minecraft:damage_dealt_absorbed":20,"minecraft:play_time":304133,"minecraft:deaths":15,"minecraft:sneak_time":1853,"minecraft:walk_under_water_one_cm":28984,"minecraft:jump":1711,"minecraft:walk_on_water_one_cm":61388,"minecraft:total_world_time":304133,"minecraft:interact_with_furnace":11,"minecraft:sleep_in_bed":1,"minecraft:time_since_rest":2019,"minecraft:damage_taken":4613,"minecraft:damage_absorbed":6712,"minecraft:damage_dealt":2190,"minecraft:swim_one_cm":2130,"minecraft:fly_one_cm":386052,"minecraft:open_chest":4,"minecraft:crouch_one_cm":11498,"minecraft:fall_one_cm":81057},"minecraft:crafted":{"minecraft:oak_planks":8,"simple_mobs:bundled_emerald":1,"minecraft:furnace":1,"minecraft:glass":3,"minecraft:iron_axe":1,"minecraft:stone_pickaxe":1,"minecraft:cooked_beef":34,"paraglider:paraglider":1,"minecraft:glass_bottle":3,"minecraft:crafting_table":2,"minecraft:wooden_pickaxe":1,"minecraft:iron_sword":1,"minecraft:birch_planks":20,"minecraft:bucket":1,"minecraft:campfire":1,"minecraft:stone_axe":1,"minecraft:air":24,"minecraft:paper":6,"minecraft:stick":8,"minecraft:iron_ingot":54,"minecraft:iron_pickaxe":1,"minecraft:stone_sword":1,"minecraft:torch":20},"minecraft:mined":{"create:zinc_ore":9,"create:deepslate_zinc_ore":2,"habitat:slime_fern":3,"minecraft:grass_block":3,"minecraft:moss_block":2,"lilwings:butterfly_jar":1,"minecraft:furnace":2,"undead_revamp2:bostroxore":8,"minecraft:iron_ore":46,"treechop:chopped_log":3,"minecraft:cave_vines":1,"minecraft:deepslate_iron_ore":9,"minecraft:stone":74,"minecraft:clay":9,"minecraft:crafting_table":8,"minecraft:torch":4,"minecraft:tall_grass":4,"minecraft:cobblestone":2,"minecraft:sugar_cane":2,"minecraft:wall_torch":6,"immersive_weathering:moss":3,"minecraft:sweet_berry_bush":1,"minecraft:birch_leaves":6,"minecraft:grass":1,"minecraft:oak_log":2,"minecraft:coal_ore":54,"minecraft:dirt":2,"minecraft:small_dripleaf":1,"minecraft:oak_leaves":10},"minecraft:killed_by":{"simple_mobs:dark_elemental":1,"simple_mobs:minotaur":2,"minecraft:pillager":1,"simple_mobs:bright_elemental":3,"orcz:orcsavagegroupleader":2,"minecraft:zombie":2,"dannys_expansion:floam":2},"minecraft:used":{"minecraft:stone_sword":33,"minecraft:iron_sword":23,"minecraft:torch":19,"minecraft:spyglass":12,"quest_giver:trading_contract_weaponsmith":2,"minecraft:iron_axe":16,"minecraft:furnace":2,"minecraft:cooked_beef":14,"minecraft:glass_bottle":1,"minecraft:stone_pickaxe":100,"minecraft:wooden_pickaxe":53,"minecraft:cookie":1,"minecraft:crafting_table":9,"minecraft:campfire":1,"minecraft:apple":2,"minecraft:bread":3,"minecraft:iron_pickaxe":80,"minecraft:stone_axe":13,"minecraft:cobblestone":17,"untamedwilds:flora_bush_temperate":1},"minecraft:dropped":{"minecraft:bread":3,"minecraft:moss_block":2,"minecraft:birch_planks":1,"epicfight:stone_spear":1,"paraglider:spirit_orb":3,"simple_mobs:griffin_feather":2,"minecraft:zombie_head":2,"paraglider:paraglider":1,"minecraft:string":1,"minecraft:spruce_sapling":11,"minecraft:bone":4,"minecraft:stone_axe":1,"hexerei:sage_seed":1,"minecraft:stone_sword":1,"untamedwilds:flora_bush_temperate":2,"minecraft:birch_sapling":2,"habitat:slime_fern":3,"minecraft:chicken":2,"minecraft:rotten_flesh":2,"immersive_weathering:sand_layer_block":18,"simple_mobs:blighted_meat":1,"minecraft:filled_map":5,"minecraft:skeleton_skull":1,"minecraft:oak_sapling":2,"irons_spellbooks:iron_spell_book":1,"minecraft:arrow":6,"minecraft:stone_pickaxe":2,"minecraft:egg":2}},"DataVersion":2975}