{"stats":{"minecraft:picked_up":{"sophisticatedbackpacks:gold_backpack":1,"minecraft:crafting_table":2,"minecraft:wheat":46,"croptopia:peach":18,"enemyexpansion:wasp_thorax":1,"crystalcraft_unlimited_java:crystalopedia":1,"minecraft:shield":1,"forbidden_arcanus:xpetrified_orb":6,"minecraft:string":1,"minecraft:flint_and_steel":1,"mysticalagriculture:inferium_essence":15,"minecraft:gold_nugget":20,"minecraft:beef":6,"minecraft:iron_pickaxe":1,"minecraft:coal_block":3,"ars_nouveau:purple_archwood_log":61,"minecraft:stick":5,"minecraft:raw_iron":20,"forbidden_arcanus:bat_wing":1,"crystalcraft_unlimited_java:raw_iridium":2,"mna:brazier":1,"minecraft:torch":1,"ars_nouveau:purple_archwood_sapling":10,"minecraft:porkchop":7,"vampirism:vampire_fang":1,"crystalcraft_unlimited_java:amethyst":1,"mekanism:raw_tin":1,"minecraft:rotten_flesh":1,"minecraft:arrow":9,"mna:pedestal":1,"botania:light_gray_mystical_flower":8,"ars_nouveau:worn_notebook":1,"minecraft:warped_sign":1,"supplementaries:ash":1,"croptopia:elderberry":2,"ars_nouveau:sourceberry_bush":56,"minecraft:cobblestone":120,"crystalcraft_unlimited_java:ametrine":2,"minecraft:andesite":1,"croptopia:glowing_calamari":1,"minecraft:oak_log":30,"minecraft:lily_pad":1,"crystalcraft_unlimited_java:matizium":2,"botania:light_blue_mystical_flower":6,"naturalist:bass":1,"minecraft:red_carpet":52,"minecraft:wheat_seeds":181,"minecraft:stone_pickaxe":1,"croptopia:elderberry_seed":1,"mna:cerublossom":2,"minecraft:oak_planks":17,"minecraft:iron_sword":1,"minecraft:mossy_stone_brick_stairs":1,"iceandfire:copper_nugget":28,"malum:raw_soulstone":9,"mna:raw_vinteum":8,"patchouli:guide_book":1,"minecraft:dandelion":1,"minecraft:gravel":4,"quark:oak_chest":1,"alexsmobs:animal_dictionary":1,"minecraft:spider_eye":2,"mna:sachet_earth":1,"crystalcraft_unlimited_java:alexandrite":2,"iceandfire:lectern":1,"evilcraft:dark_gem":15,"minecraft:crossbow":1,"minecraft:bone_meal":1,"minecraft:chainmail_helmet":1,"minecraft:oak_sapling":4,"minecraft:coal":34,"iceandfire:silver_nugget":10,"iceandfire:raw_silver":3},"minecraft:mined":{"mna:brazier":1,"iceandfire:silver_ore":3,"crystalcraft_unlimited_java:ametrine_ore":2,"iceandfire:copper_pile":2,"malum:soulstone_ore":9,"iceandfire:lectern":1,"minecraft:coal_block":3,"crystalcraft_unlimited_java:amethyst_ore":1,"mna:vinteum_ore":8,"ars_nouveau:sourceberry_bush":12,"botania:light_gray_mystical_flower":4,"mysticalagriculture:inferium_ore":1,"minecraft:iron_ore":19,"evilcraft:dark_ore":3,"croptopia:peach_crop":1,"iceandfire:gold_pile":3,"minecraft:stone":64,"botania:light_blue_mystical_flower":3,"ars_nouveau:purple_archwood_log":61,"crystalcraft_unlimited_java:matizium_ore":2,"quark:oak_chest":1,"minecraft:crafting_table":1,"mna:cerublossom":1,"mekanism:tin_ore":1,"minecraft:tall_grass":19,"crystalcraft_unlimited_java:iridium_ore":2,"forbidden_arcanus:xpetrified_ore":4,"crystalcraft_unlimited_java:alexandrite_ore":2,"minecraft:wheat":4,"minecraft:grass":23,"minecraft:oak_log":20,"minecraft:coal_ore":34,"iceandfire:silver_pile":3},"minecraft:dropped":{"minecraft:wheat_seeds":104,"mna:cerublossom":1,"minecraft:mossy_stone_brick_stairs":1,"minecraft:spruce_button":1,"minecraft:grass_block":1,"sophisticatedbackpacks:gold_backpack":1,"botania:light_blue_mystical_flower":3,"iceandfire:copper_nugget":28,"minecraft:potion":1,"minecraft:gold_nugget":8,"minecraft:bone_meal":1,"minecraft:stone_brick_slab":1,"croptopia:elderberry":2,"minecraft:rotten_flesh":1,"minecraft:warped_sign":1,"minecraft:flint_and_steel":1,"supplementaries:ash":1,"mysticalagriculture:inferium_essence":6},"minecraft:custom":{"minecraft:mob_kills":50,"minecraft:interact_with_crafting_table":3,"minecraft:open_barrel":2,"minecraft:damage_dealt_resisted":0,"minecraft:leave_game":11,"minecraft:time_since_death":718881,"minecraft:climb_one_cm":1443,"minecraft:sprint_one_cm":263902,"minecraft:walk_one_cm":703329,"minecraft:drop":21,"minecraft:talked_to_villager":2,"minecraft:play_time":1157832,"minecraft:deaths":2,"minecraft:sneak_time":28944,"minecraft:walk_under_water_one_cm":182854,"minecraft:jump":1362,"minecraft:walk_on_water_one_cm":121008,"minecraft:total_world_time":1157832,"minecraft:interact_with_furnace":3,"minecraft:time_since_rest":718951,"minecraft:damage_taken":558,"minecraft:damage_dealt":5870,"minecraft:swim_one_cm":4981,"minecraft:fly_one_cm":1984159,"minecraft:open_chest":17,"minecraft:crouch_one_cm":31183,"minecraft:fall_one_cm":20644},"minecraft:crafted":{"minecraft:oak_planks":72,"minecraft:coal":27,"minecraft:stone_pickaxe":1,"minecraft:crafting_table":1,"minecraft:wooden_pickaxe":1,"minecraft:stick":4,"quark:oak_chest":7,"minecraft:torch":16},"minecraft:broken":{"minecraft:wooden_pickaxe":1},"minecraft:killed":{"vampirism:vampire":1,"enemyexpansion:intruder":1,"minecraft:spider":2,"minecraft:tadpole":11,"mna:spell_breaker":1,"minecraft:pig":3,"mna:witch_hunter":1,"minecraft:frog":27,"minecraft:cow":2},"minecraft:used":{"iceandfire:lectern":1,"minecraft:oak_trapdoor":14,"minecraft:netherite_sword":24,"minecraft:flint_and_steel":2,"minecraft:armor_stand":4,"minecraft:spruce_slab":131,"minecraft:chest":380,"minecraft:spruce_planks":1663,"minecraft:iron_sword":41,"minecraft:stone":2721,"minecraft:bubble_coral":5,"minecraft:mossy_stone_brick_slab":30,"minecraft:tube_coral":8,"minecraft:torch":1,"minecraft:dirt":18,"create:redstone_contact":1,"minecraft:spruce_stairs":822,"minecraft:axolotl_bucket":2,"minecraft:spruce_fence":28,"minecraft:stripped_spruce_log":1575,"minecraft:obsidian":19,"minecraft:glass":5,"minecraft:stone_brick_slab":270,"minecraft:red_wool":150,"minecraft:lantern":35,"minecraft:grass_block":455,"minecraft:spruce_button":8,"draconicevolution:chaotic_sword":1,"connectedglass:borderless_glass":50,"minecraft:stone_brick_stairs":522,"minecraft:stone_bricks":288,"minecraft:glowstone":122,"minecraft:red_carpet":222,"croptopia:peach":13,"minecraft:horn_coral":2,"quark:andesite_bricks":211,"minecraft:oak_sapling":2,"minecraft:wheat_seeds":4,"minecraft:water_bucket":200,"minecraft:mossy_stone_bricks":334,"crystalcraft_unlimited_java:adamantite_sword":23,"minecraft:stone_pickaxe":31,"minecraft:wooden_pickaxe":59,"minecraft:mossy_stone_brick_stairs":23,"minecraft:composter":6,"minecraft:spruce_fence_gate":18,"minecraft:oak_leaves":3,"minecraft:brain_coral":8,"minecraft:crafting_table":6,"minecraft:red_bed":3,"minecraft:light_blue_wool":35,"minecraft:sponge":1,"crystalcraft_unlimited_java:adamantite_and_mythril_axe":1,"minecraft:fire_coral":5,"minecraft:stone_brick_wall":70,"minecraft:spruce_log":38,"minecraft:iron_pickaxe":87,"minecraft:spruce_trapdoor":1200,"minecraft:flowering_azalea_leaves":14,"minecraft:cobblestone":5,"minecraft:potion":43,"minecraft:azalea_leaves":2,"crystalcraft_unlimited_java:riaritidesutoroiyapurizumu":5,"minecraft:andesite":14,"minecraft:chain":38,"quark:oak_chest":8,"alexsmobs:animal_dictionary":1,"minecraft:sea_pickle":110,"minecraft:kelp":4,"minecraft:dandelion":1,"minecraft:splash_potion":3,"minecraft:bone_meal":62},"minecraft:killed_by":{"enemyexpansion:equestrian":1}},"DataVersion":3465}