{"stat.useItem.minecraft.bow":57,"stat.useItem.minecraft.quartz_block":11,"stat.pickup.minecraft.wooden_slab":107,"stat.leaveGame":33,"stat.mineBlock.byg.winter_succulent":1,"stat.drop.minecraft.gunpowder":5,"stat.useItem.harvestcraft.applepieitem":5,"stat.pickup.ebwizardry.spell_book":9,"stat.mineBlock.minecraft.sandstone":2,"stat.craftItem.minecraft.string":8,"stat.mineBlock.harvestcraft.beehive":1,"stat.mineBlock.minecraft.web":16,"stat.pickup.futuremc.spruce_trapdoor":20,"stat.craftItem.thaumcraft.scribing_tools":1,"stat.pickup.harvestcraft.calamarirawitem":20,"stat.pickup.minecraft.rotten_flesh":102,"stat.craftItem.bigreactors.reactorcasingcores":10,"stat.craftItem.mahoutsukai.powdered_emerald":3,"stat.craftItem.futuremc.campfire":10,"stat.useItem.harvestcraft.glazedcarrotsitem":10,"stat.craftItem.bhc.red_heart_canister":2,"stat.pickup.minecraft.cobblestone_wall":1,"stat.drop.byg.witchhazellog":12,"stat.pickup.minecraft.bucket":5,"stat.drop.thaumcraft.nitor_yellow":1,"stat.killEntity.Enderman":6,"stat.craftItem.additionallanterns.normal_lantern":12,"stat.mineBlock.minecraft.wooden_slab":52,"stat.pickup.minecraft.leather_boots":1,"stat.pickup.thaumcraft.nitor_yellow":1,"stat.craftItem.thaumcraft.table_stone":1,"stat.craftItem.minecraft.iron_shovel":2,"stat.killEntity.Witch":1,"stat.useItem.futuremc.campfire":9,"stat.drop.ebwizardry.spell_book":2,"stat.useItem.minecraft.iron_pickaxe":916,"stat.pickup.minecraft.stained_hardened_clay":1,"stat.useItem.minecraft.iron_shovel":267,"stat.drop.minecraft.cooked_mutton":6,"stat.pickup.mekanismtools.glowstoneaxe":5,"stat.pickup.minecraft.double_plant":28,"stat.craftItem.minecraft.bed":3,"stat.craftItem.minecraft.glass_pane":304,"stat.pickup.mekanismtools.glowstoneboots":1,"stat.furnaceInteraction":179,"stat.mineBlock.botania.flower":39,"stat.pickup.byg.whitesage":2,"stat.killEntity.ZombieVillager":1,"stat.craftItem.connectedglass.borderless_glass_pane":208,"stat.craftItem.slm.wood_stripper":1,"stat.pickup.minecraft.nether_brick":133,"stat.entityKilledBy.WitherSkeleton":1,"stat.drop.minecraft.red_flower":1,"stat.craftItem.thaumcraft.thaumometer":4,"stat.pickup.minecraft.beef":6,"stat.useItem.minecraft.red_sandstone":1,"stat.pickup.minecraft.leather_helmet":3,"stat.pickup.minecraft.cauldron":1,"stat.craftItem.mekanismtools.glowstonepickaxe":2,"stat.entityKilledBy.BabySkeleton":9,"stat.useItem.minecraft.trapdoor":52,"stat.craftItem.futuremc.dye":54,"stat.mineBlock.minecraft.stained_hardened_clay":1,"stat.pickup.futuremc.stone_brick_wall":2,"stat.useItem.harvestcraft.starfruititem":2,"stat.pickup.minecraft.potion":1,"stat.useItem.minecraft.flint_and_steel":3,"stat.craftItem.mekanismtools.glowstoneleggings":1,"stat.craftItem.ebwizardry.magic_wand":1,"stat.pickup.thaumcraft.crystal_essence":468,"stat.killEntity.Husk":2,"stat.craftItem.minecraft.dropper":2,"stat.useItem.cyclicmagic.bundled_pipe":3,"stat.pickup.minecraft.emerald":47,"stat.useItem.minecraft.dye":11,"stat.useItem.harvestcraft.garlicbreaditem":4,"stat.deaths":75,"stat.craftItem.futuremc.blast_furnace":4,"stat.pickup.minecraft.egg":1,"stat.craftItem.mahoutsukai.dagger":1,"stat.pickup.additionallanterns.normal_lantern":7,"stat.useItem.minecraft.nether_brick":1,"stat.craftItem.minecraft.iron_pickaxe":6,"stat.pickup.minecraft.glass_pane":61,"stat.pickup.harvestcraft.peanutbutterbananasandwichitem":3,"stat.mineBlock.harvestcraft.pamchestnut":3,"stat.drop.minecraft.torch":2,"stat.drop.minecraft.iron_ingot":2,"stat.drop.minecraft.glass_bottle":3,"stat.mineBlock.minecraft.tallgrass":137,"stat.craftItem.minecraft.cooked_mutton":21,"stat.pickup.minecraft.cooked_mutton":2,"stat.chestOpened":527,"stat.pickup.cyclicmagic.charm_fire":2,"stat.craftItem.minecraft.sign":6,"stat.craftItem.slm.stripped_spruce_log":156,"stat.pickup.minecraft.arrow":83,"stat.craftItem.mekanism.machineblock":1,"stat.useItem.byg.cookedcarrot":22,"stat.pickup.minecraft.gold_nugget":8,"stat.pickup.harvestcraft.patreonpieitem":8,"stat.drop.slm.stripped_spruce_log":1,"stat.drop.minecraft.iron_pickaxe":1,"stat.entityKilledBy.ebwizardry:remnant":1,"stat.pickup.futuremc.lantern":1,"stat.useItem.harvestcraft.applejellysandwichitem":8,"stat.pickup.botania.lexicon":1,"stat.pickup.slm.stripped_spruce_log":324,"stat.crouchOneCm":146888,"stat.craftItem.mekanismtools.glowstonesword":2,"stat.mineBlock.minecraft.chest":28,"stat.craftItem.minecraft.iron_ingot":106,"stat.pickup.minecraft.painting":1,"stat.pickup.ebwizardry.melee_upgrade":1,"stat.craftItem.minecraft.hopper":5,"stat.craftingTableInteraction":76,"stat.pickup.byg.winter_succulent":1,"stat.useItem.futuremc.sweet_berries":6,"stat.useItem.minecraft.reeds":8,"stat.craftItem.cyclicmagic.block_fragile_weak":16,"stat.mineBlock.cyclicmagic.fluid_pipe":1,"stat.pickup.minecraft.dye":63,"stat.pickup.minecraft.planks":123,"stat.pickup.minecraft.wheat_seeds":11,"stat.mineBlock.minecraft.glass":5,"stat.craftItem.ebwizardry.wizard_handbook":1,"stat.mineBlock.minecraft.dirt":24,"stat.craftItem.bigreactors.ingotgraphite":64,"stat.useItem.minecraft.bread":6,"stat.drop.minecraft.rotten_flesh":16,"stat.useItem.minecraft.cobblestone":777,"stat.mineBlock.byg.orangedaisy":1,"stat.mineBlock.minecraft.double_plant":7,"stat.useItem.rechiseled.cobblestone_large_squares":997,"stat.mineBlock.thaumcraft.crystal_aer":23,"stat.pickup.botania.flowerbag":1,"stat.pickup.minecraft.iron_pickaxe":1,"stat.mineBlock.thaumcraft.crystal_terra":7,"stat.craftItem.minecraft.gold_ingot":68,"stat.pickup.minecraft.chicken":2,"stat.craftItem.minecraft.brewing_stand":2,"stat.pickup.minecraft.apple":1,"stat.useItem.minecraft.glass_pane":81,"stat.drop.byg.reeds":1,"stat.mineBlock.futuremc.lantern":1,"stat.pickup.bigreactors.reactorcasing":1,"stat.craftItem.minecraft.bucket":3,"stat.pickup.cyclicmagic.sack_ender":1,"stat.useItem.cyclicmagic.emerald_axe":3575,"stat.craftItem.minecraft.planks":1668,"stat.craftItem.bhc.canister":3,"stat.pickup.thaumcraft.alumentum":7,"stat.mineBlock.thaumcraft.crystal_ordo":10,"stat.useItem.minecraft.stonebrick":32,"stat.pickup.minecraft.book":128,"stat.drop.thaumcraft.crystal_essence":35,"stat.mineBlock.minecraft.log":2228,"stat.pickup.mekanismtools.glowstonesword":5,"stat.useItem.carryon.entity_item":3,"stat.useItem.minecraft.wooden_door":105,"stat.useItem.minecraft.spruce_door":4,"stat.craftItem.minecraft.paper":18,"stat.useItem.cyclicmagic.fluid_pipe":2,"stat.killEntity.BabySkeleton":14,"stat.pickup.minecraft.red_flower":63,"stat.pickup.minecraft.wool":125,"stat.drop.botania.manaresource":1,"stat.useItem.futuremc.lantern":18,"stat.pickup.thaumcraft.log_greatwood":134,"stat.craftItem.minecraft.spruce_door":6,"stat.cakeSlicesEaten":4,"stat.mineBlock.additionallanterns.normal_lantern":7,"stat.mineBlock.cyclicmagic.bundled_pipe":5,"stat.mineBlock.byg.redcornflower":5,"stat.useItem.futuremc.composter":14,"stat.pickup.minecraft.spruce_fence_gate":2,"stat.useItem.minecraft.iron_axe":4,"stat.mineBlock.minecraft.cobblestone":43,"stat.pickup.minecraft.stone_pickaxe":1,"stat.pickup.minecraft.flint":3,"stat.mineBlock.minecraft.yellow_flower":13,"stat.useItem.slm.stripped_spruce_log":953,"stat.entityKilledBy.Witch":1,"stat.pickup.minecraft.leather_chestplate":1,"stat.pickup.forbidden_arcanus.arcane_crystal":5,"stat.craftItem.minecraft.wool":84,"stat.pickup.minecraft.flower_pot":1,"stat.craftItem.thaumcraft.cloth_legs":1,"stat.mineBlock.appliedenergistics2.quartz_ore":5,"stat.craftItem.bhc.relic_apple":3,"stat.pickup.harvestcraft.creepercookieitem":1,"stat.useItem.minecraft.obsidian":15,"stat.craftItem.connectedglass.borderless_glass":60,"stat.pickup.minecraft.bow":10,"stat.craftItem.minecraft.furnace":11,"stat.craftItem.futuremc.smooth_stone":12,"stat.craftItem.minecraft.cooked_beef":12,"stat.craftItem.thaumcraft.wand_workbench":1,"stat.pickup.minecraft.shears":2,"stat.useItem.minecraft.spruce_fence_gate":2,"stat.mineBlock.minecraft.clay":41,"stat.pickup.futuremc.sweet_berries":18,"stat.pickup.minecraft.diamond_leggings":1,"stat.flyOneCm":2809149,"stat.pickup.minecraft.nether_brick_stairs":1,"stat.timeSinceDeath":111220,"stat.pickup.thaumcraft.tallow":8,"stat.craftItem.minecraft.painting":1,"stat.useItem.harvestcraft.creepercookieitem":1,"stat.useItem.minecraft.wooden_slab":187,"stat.craftItem.mahoutsukai.attuner":1,"stat.craftItem.minecraft.iron_block":3,"stat.craftItem.ebwizardry.magic_crystal":12,"stat.craftItem.minecraft.stonebrick":68,"stat.pickup.travelersbackpack.travelers_backpack":4,"stat.craftItem.thaumcraft.plate":3,"stat.pickup.minecraft.nether_wart":36,"stat.pickup.minecraft.spruce_fence":66,"stat.pickup.guideapi.cyclicmagic-guide":3,"stat.mineBlock.minecraft.coal_ore":24,"stat.killEntity.Creeper":8,"stat.pickup.minecraft.shield":5,"stat.talkedToVillager":15,"stat.pickup.minecraft.wooden_sword":2,"stat.pickup.botania.manaresource":1,"stat.mineBlock.minecraft.red_mushroom_block":7,"stat.pickup.minecraft.string":272,"stat.pickup.ae2wtlib.infinity_booster_card":1,"stat.pickup.ebwizardry.magic_wand":6,"stat.mineBlock.futuremc.composter":3,"stat.pickup.cyclicmagic.tool_elevate":1,"stat.entityKilledBy.Skeleton":18,"stat.useItem.minecraft.written_book":1,"stat.killEntity.Squid":11,"stat.sprintOneCm":2479054,"stat.mineBlock.minecraft.stone_slab":48,"stat.killEntity.ebwizardry:evil_wizard":1,"stat.drop.ebwizardry.receptacle":1,"stat.useItem.carryon.tile_item":12,"stat.drop.ebwizardry.wizard_handbook":1,"stat.pickup.mekanism.configurator":1,"stat.pickup.ebwizardry.ruined_spell_book":3,"stat.killEntity.Zombie":115,"stat.craftItem.minecraft.dye":203,"stat.pickup.minecraft.snowball":12,"stat.mineBlock.minecraft.gold_ore":10,"stat.diveOneCm":174153,"stat.pickup.minecraft.wheat":2,"stat.craftItem.ironfurnaces.iron_furnace_idle":1,"stat.pickup.byg.redcornflower":5,"stat.pickup.cyclicmagic.ender_lightning":6,"stat.pickup.minecraft.sign":2,"stat.craftItem.thaumcraft.fabric":20,"stat.craftItem.mahoutsukai.attuned_diamond":1,"stat.craftItem.thaumcraft.salis_mundus":4,"stat.pickup.minecraft.obsidian":16,"stat.pickup.cyclicmagic.crafting_food":1,"stat.craftItem.futuremc.spruce_trapdoor":110,"stat.jump":11030,"stat.pickup.harvestcraft.bananaitem":2,"stat.useItem.minecraft.sand":10,"stat.pickup.minecraft.coal":61,"stat.pickup.minecraft.iron_ingot":67,"stat.pickup.connectedglass.borderless_glass_pane":64,"stat.pickup.minecraft.gunpowder":77,"stat.craftItem.minecraft.torch":48,"stat.pickup.harvestcraft.bltitem":27,"stat.pickup.minecraft.dirt":207,"stat.mineBlock.minecraft.spruce_fence_gate":2,"stat.useItem.minecraft.glass":13,"stat.pickup.minecraft.gold_ore":4,"stat.mineBlock.minecraft.lapis_ore":3,"stat.pickup.minecraft.red_sandstone":2,"stat.mineBlock.minecraft.glass_pane":7,"stat.damageTaken":27542,"stat.pickup.ebwizardry.scroll":5,"stat.useItem.minecraft.stone_brick_stairs":150,"stat.mineBlock.minecraft.red_flower":62,"stat.useItem.thaumcraft.brain":1,"stat.pickup.ebwizardry.crystal_flower":1,"stat.mineBlock.minecraft.sandstone_stairs":1,"stat.mineBlock.harvestcraft.pamplum":2,"stat.craftItem.mekanismtools.glowstonechestplate":2,"stat.entityKilledBy.ZombieVillager":1,"stat.pickup.minecraft.bed":1,"stat.pickup.artifacts.thorn_pendant":1,"stat.pickup.minecraft.quartz_block":48,"stat.useItem.cyclicmagic.tool_push":8,"stat.pickup.ironfurnaces.iron_furnace_idle":1,"stat.entityKilledBy.Zombie":20,"stat.drop.thaumcraft.brain":2,"stat.pickup.cyclicmagic.charm_wing":3,"stat.craftItem.minecraft.stone_slab":12,"stat.useItem.minecraft.air":437,"stat.useItem.futuremc.blast_furnace":3,"stat.useItem.minecraft.chest":71,"stat.useItem.minecraft.observer":7,"stat.useItem.minecraft.lava_bucket":5,"stat.pickup.byg.cookedcarrot":36,"stat.craftItem.mekanism.ingot":39,"stat.craftItem.thaumcraft.caster_basic":1,"stat.useItem.additionallanterns.orange_normal_nether_bricks_lantern":13,"stat.pickup.minecraft.ender_pearl":2,"stat.pickup.thaumcraft.baubles":2,"stat.craftItem.cyclicmagic.fluid_pump":1,"stat.craftItem.minecraft.bookshelf":36,"stat.mineBlock.minecraft.stonebrick":32,"stat.mineBlock.byg.soapstone":135,"stat.pickup.cyclicmagic.glove_climb":2,"stat.pickup.harvestcraft.queenbeeitem":2,"stat.mineBlock.minecraft.glowstone":27,"stat.mobKills":361,"stat.pickup.cyclicmagic.fluid_pipe":1,"stat.mineBlock.minecraft.bookshelf":2,"stat.craftItem.minecraft.shears":4,"stat.useItem.minecraft.boat":1,"stat.pickup.thaumcraft.thaumometer":2,"stat.mineBlock.rechiseled.cobblestone_large_squares":40,"stat.useItem.minecraft.cobblestone_wall":37,"stat.pickup.minecraft.torch":15,"stat.pickup.thaumcraft.brain":22,"stat.pickup.thaumcraft.thaumonomicon":2,"stat.craftItem.thaumcraft.baubles":1,"stat.useItem.futuremc.stone_brick_wall":17,"stat.craftItem.thaumcraft.cloth_boots":1,"stat.craftItem.abyssalcraft.necronomicon":1,"stat.pickup.cyclicmagic.evoker_fang":6,"stat.useItem.minecraft.bookshelf":36,"stat.craftItem.futuremc.composter":17,"stat.craftItem.minecraft.iron_axe":1,"stat.craftItem.thaumcraft.table_wood":1,"stat.craftItem.cyclicmagic.block_enchanter":1,"stat.craftItem.byg.woodenmortar":1,"stat.killEntity.Blaze":7,"stat.useItem.minecraft.planks":1094,"stat.craftItem.thaumcraft.vis_resonator":2,"stat.pickup.thaumcraft.crucible":2,"stat.pickup.minecraft.glowstone_dust":129,"stat.mineBlock.additionallanterns.andesite_lantern":12,"stat.pickup.minecraft.glass":75,"stat.mineBlock.ironfurnaces.iron_furnace_idle":1,"stat.mineBlock.thaumcraft.log_greatwood":99,"stat.useItem.minecraft.water_bucket":32,"stat.drop.travelersbackpack.travelers_backpack":1,"stat.mineBlock.minecraft.stone_brick_stairs":19,"stat.pickup.minecraft.sand":281,"stat.useItem.rechiseled.cobblestone_chiseled_border":40,"stat.entityKilledBy.Spider":7,"stat.useItem.futuremc.spruce_trapdoor":108,"stat.pickup.thaumcraft.focus_1":1,"stat.craftItem.mekanismtools.glowstoneaxe":1,"stat.craftItem.minecraft.cobblestone_wall":12,"stat.pickup.harvestcraft.applepieitem":5,"stat.useItem.harvestcraft.bltitem":27,"stat.mineBlock.minecraft.snow_layer":6,"stat.mineBlock.minecraft.sand":281,"stat.mineBlock.byg.scoria":10,"stat.craftItem.minecraft.blaze_powder":2,"stat.hopperInspected":2,"stat.trappedChestTriggered":183,"stat.pickup.harvestcraft.applejellysandwichitem":16,"stat.craftItem.bigreactors.reactorcasing":36,"stat.pickup.bhc.red_heart":23,"stat.pickup.artifacts.night_vision_goggles":3,"stat.craftItem.cyclicmagic.magic_net":2,"stat.useItem.minecraft.cooked_mutton":19,"stat.craftItem.cyclicmagic.tool_trade":1,"stat.useItem.minecraft.redstone":8,"stat.mineBlock.harvestcraft.windygarden":1,"stat.pickup.byg.reeds":2,"stat.mineBlock.minecraft.end_bricks":3,"stat.mineBlock.thaumcraft.cinderpearl":11,"stat.useItem.minecraft.stone_stairs":6,"stat.drop.harvestcraft.queenbeeitem":1,"stat.mineBlock.byg.whitesage":1,"stat.drop.thaumcraft.salis_mundus":2,"stat.craftItem.mahoutsukai.hammer":1,"stat.pickup.futuremc.lily_of_the_valley":29,"stat.pickup.cyclicmagic.bundled_pipe":5,"stat.entityKilledBy.BrainyZombie":1,"stat.pickup.thaumcraft.nugget":6,"stat.useItem.minecraft.hopper":3,"stat.mineBlock.minecraft.soul_sand":10,"stat.craftItem.minecraft.heavy_weighted_pressure_plate":1,"stat.playOneMinute":2222858,"stat.pickup.minecraft.blaze_rod":4,"stat.drop.minecraft.string":2,"stat.pickup.harvestcraft.starfruititem":2,"stat.useItem.minecraft.shears":1,"stat.pickup.harvestcraft.garlicbreaditem":4,"stat.pickup.minecraft.iron_bars":14,"stat.craftItem.cyclicmagic.bundled_pipe":80,"stat.pickup.minecraft.netherrack":5,"stat.pickup.harvestcraft.cottonitem":12,"stat.mineBlock.futuremc.stone_brick_wall":2,"stat.craftItem.futuremc.smoker":2,"stat.drop.artifacts.magma_stone":1,"stat.craftItem.minecraft.carpet":72,"stat.drop.cyclicmagic.emerald_axe":1,"stat.mineBlock.minecraft.netherrack":9,"stat.mineBlock.rechiseled.cobblestone_rotated_bricks":7,"stat.craftItem.minecraft.iron_nugget":261,"stat.useItem.harvestcraft.blackberrycobbleritem":8,"stat.useItem.harvestcraft.peanutbutterbananasandwichitem":3,"stat.fallOneCm":299879,"stat.drop.minecraft.dye":4,"stat.craftItem.thaumcraft.stone_arcane":9,"stat.useItem.minecraft.trapped_chest":31,"stat.useItem.bigreactors.reactorcasing":34,"stat.pickup.artifacts.pocket_piston":4,"stat.craftItem.minecraft.chest":20,"stat.pickup.minecraft.red_mushroom":1,"stat.craftItem.cyclicmagic.block_anvil":1,"stat.craftItem.thaumcraft.slab_arcane_stone":6,"stat.pickup.minecraft.feather":1,"stat.drop.minecraft.bone":1,"stat.useItem.minecraft.furnace":3,"stat.pickup.harvestcraft.glazedcarrotsitem":10,"stat.mineBlock.minecraft.spruce_fence":2,"stat.pickup.minecraft.iron_leggings":2,"stat.useItem.additionallanterns.normal_lantern":11,"stat.mineBlock.minecraft.gravel":23,"stat.useItem.minecraft.stone_pickaxe":1638,"stat.drop.minecraft.reeds":2,"stat.drop.minecraft.iron_axe":1,"stat.useItem.minecraft.iron_bars":1,"stat.mineBlock.minecraft.quartz_stairs":5,"stat.pickup.mekanism.ingot":33,"stat.useItem.minecraft.torch":58,"stat.pickup.minecraft.golden_apple":2,"stat.pickup.minecraft.iron_nugget":16,"stat.craftItem.minecraft.stone_stairs":8,"stat.craftItem.bhc.heart_amulet":1,"stat.useItem.minecraft.log":31,"stat.craftItem.minecraft.crafting_table":4,"stat.pickup.mekanismtools.glowstonepickaxe":1,"stat.craftItem.minecraft.boat":1,"stat.mineBlock.ebwizardry.crystal_ore":8,"stat.pickup.minecraft.log":2373,"stat.useItem.harvestcraft.nutellaitem":2,"stat.craftItem.minecraft.stone_button":1,"stat.pickup.artifacts.magma_stone":5,"stat.pickup.minecraft.tallgrass":16,"stat.pickup.minecraft.chainmail_leggings":1,"stat.pickup.minecraft.sapling":31,"stat.pickup.minecraft.wooden_door":102,"stat.entityKilledBy.Enderman":1,"stat.drop.minecraft.bow":1,"stat.craftItem.additionallanterns.normal_chain":4,"stat.pickup.futuremc.composter":3,"stat.pickup.minecraft.diamond_helmet":1,"stat.killEntity.WitherSkeleton":2,"stat.pickup.ebwizardry.receptacle":1,"stat.useItem.mekanismtools.glowstonesword":388,"stat.craftItem.minecraft.flower_pot":9,"stat.sneakTime":49331,"stat.mineBlock.minecraft.cobblestone_wall":1,"stat.mineBlock.thaumcraft.crystal_perditio":1,"stat.drop.minecraft.bucket":1,"stat.useItem.minecraft.baked_potato":26,"stat.pickup.minecraft.stone_slab":69,"stat.useItem.minecraft.brewing_stand":1,"stat.pickup.minecraft.yellow_flower":12,"stat.pickup.cyclicmagic.block_fragile_weak":99,"stat.pickup.cyclicmagic.emerald_axe":2,"stat.pickup.minecraft.chest":28,"stat.craftItem.cyclicmagic.emerald_axe":1,"stat.craftItem.minecraft.enchanting_table":2,"stat.drop.byg.redcornflower":1,"stat.pickup.minecraft.bone":73,"stat.mineBlock.bigreactors.reactorcasing":1,"stat.drop.minecraft.glowstone_dust":49,"stat.craftItem.botania.petal":8,"stat.craftItem.minecraft.stone_brick_stairs":48,"stat.craftItem.thaumcraft.goggles":1,"stat.swimOneCm":183348,"stat.climbOneCm":553,"stat.mineBlock.minecraft.spruce_stairs":27,"stat.mineBlock.byg.spruceleavesyellow":5,"stat.pickup.cyclicmagic.magic_net":41,"stat.pickup.rechiseled.chisel":2,"stat.useItem.minecraft.dirt":71,"stat.killEntity.artifacts.mimic":2,"stat.useItem.rechiseled.cobblestone_rotated_bricks":90,"stat.craftItem.minecraft.trapdoor":54,"stat.craftItem.minecraft.stone_pickaxe":4,"stat.pickup.minecraft.cobblestone":3028,"stat.pickup.minecraft.quartz_stairs":3,"stat.mineBlock.minecraft.carpet":1,"stat.useItem.connectedglass.borderless_glass":20,"stat.pickup.minecraft.glass_bottle":4,"stat.pickup.minecraft.soul_sand":10,"stat.pickup.appliedenergistics2.material":8,"stat.drop.minecraft.wheat_seeds":4,"stat.useItem.minecraft.cooked_beef":12,"stat.craftItem.minecraft.wooden_slab":60,"stat.pickup.minecraft.redstone":152,"stat.mineBlock.minecraft.iron_ore":61,"stat.pickup.rechiseled.cobblestone_large_squares":36,"stat.mineBlock.thaumcraft.crucible":2,"stat.useItem.minecraft.sign":4,"stat.pickup.minecraft.mutton":15,"stat.drop.minecraft.coal":17,"stat.pickup.minecraft.stonebrick":36,"stat.pickup.ebwizardry.magic_crystal":26,"stat.pickup.minecraft.trapdoor":5,"stat.pickup.minecraft.carpet":13,"stat.mineBlock.cyclicmagic.block_fragile_weak":98,"stat.mineBlock.slm.stripped_spruce_log":275,"stat.mineBlock.minecraft.nether_brick":270,"stat.craftItem.futuremc.lantern":4,"stat.mineBlock.minecraft.grass":217,"stat.mineBlock.connectedglass.borderless_glass_pane":67,"stat.useItem.minecraft.spruce_fence":83,"stat.mineBlock.rechiseled.cobblestone_chiseled_border":6,"stat.pickup.thaumcraft.ingot":4,"stat.craftItem.minecraft.stick":173,"stat.mineBlock.mekanism.oreblock":18,"stat.useItem.cyclicmagic.crafting_food":1,"stat.useItem.minecraft.stone_slab":578,"stat.useItem.minecraft.bed":1,"stat.craftItem.minecraft.stone":477,"stat.craftItem.minecraft.gold_nugget":18,"stat.craftItem.minecraft.armor_stand":1,"stat.mineBlock.minecraft.quartz_block":56,"stat.pickup.byg.witchhazellog":12,"stat.pickup.botania.flower":18,"stat.pickup.additionallanterns.andesite_lantern":14,"stat.entityKilledBy.Creeper":1,"stat.useItem.connectedglass.borderless_glass_pane":291,"stat.mineBlock.minecraft.planks":81,"stat.drop":206,"stat.killEntity.Sheep":9,"stat.pickup.cyclicmagic.tool_warp_spawn":1,"stat.pickup.minecraft.slime_ball":3,"stat.pickup.minecraft.golden_chestplate":1,"stat.killEntity.BrainyZombie":12,"stat.useItem.additionallanterns.andesite_lantern":4,"stat.mineBlock.botania.doubleflower2":2,"stat.pickup.bhc.wither_bone":8,"stat.mineBlock.botania.doubleflower1":2,"stat.drop.minecraft.wooden_pickaxe":2,"stat.useItem.minecraft.quartz_stairs":1,"stat.pickup.minecraft.gravel":21,"stat.useItem.minecraft.apple":4,"stat.mineBlock.minecraft.deadbush":1,"stat.useItem.mekanismtools.glowstonepickaxe":315,"stat.useItem.minecraft.carpet":104,"stat.useItem.minecraft.potion":3,"stat.pickup.minecraft.stone_brick_stairs":19,"stat.craftItem.minecraft.brick_stairs":44,"stat.useItem.minecraft.flower_pot":8,"stat.pickup.byg.soapstone":6,"stat.pickup.minecraft.iron_helmet":3,"stat.craftItem.botania.pestleandmortar":1,"stat.useItem.minecraft.piston":6,"stat.entityKilledBy.CaveSpider":1,"stat.pickup.minecraft.spider_eye":37,"stat.useItem.minecraft.stone_button":3,"stat.pickup.thaumcraft.caster_basic":2,"stat.pickup.thaumcraft.cinderpearl":10,"stat.useItem.minecraft.cooked_chicken":1,"stat.pickup.minecraft.iron_ore":74,"stat.useItem.cyclicmagic.block_fragile_weak":91,"stat.craftItem.thaumcraft.cloth_chest":1,"stat.boatOneCm":33332,"stat.mineBlock.minecraft.iron_bars":20,"stat.mineBlock.forbidden_arcanus.arcane_crystal_ore":5,"stat.craftItem.minecraft.flint_and_steel":1,"stat.useItem.ironfurnaces.obsidian_furnace_idle":1,"stat.pickup.minecraft.leaves":115,"stat.pickup.minecraft.leather":4,"stat.craftItem.thaumcraft.phial":8,"stat.useItem.additionallanterns.normal_chain":3,"stat.drop.minecraft.stone_button":1,"stat.pickup.minecraft.reeds":125,"stat.killEntity.CaveSpider":4,"stat.damageDealt":52225,"stat.craftItem.minecraft.glass":128,"stat.craftItem.minecraft.cauldron":1,"stat.sleepInBed":7,"stat.craftItem.minecraft.bowl":4,"stat.craftItem.minecraft.baked_potato":26,"stat.mineBlock.minecraft.nether_brick_stairs":1,"stat.killEntity.Cow":4,"stat.useItem.futuremc.barrel":14,"stat.mineBlock.harvestcraft.pamspiderweb":1,"stat.pickup.minecraft.boat":1,"stat.walkOneCm":2756264,"stat.playerKills":1,"stat.pickup.minecraft.stick":224,"stat.pickup.minecraft.clay_ball":164,"stat.pickup.mekanism.oreblock":18,"stat.drop.thaumcraft.cinderpearl":8,"stat.craftItem.botania.flowerbag":1,"stat.pickup.harvestcraft.nutellaitem":2,"stat.useItem.minecraft.spruce_stairs":100,"stat.pickup.minecraft.stone":65,"stat.mineBlock.byg.witchhazellog":12,"stat.drop.minecraft.emerald":18,"stat.useItem.minecraft.leaves":109,"stat.craftItem.futuremc.stone_brick_wall":6,"stat.useItem.harvestcraft.patreonpieitem":8,"stat.pickup.cyclicmagic.charm_antidote":5,"stat.killEntity.Skeleton":44,"stat.killEntity.Chicken":2,"stat.killEntity.Spider":49,"stat.mineBlock.minecraft.quartz_ore":18,"stat.pickup.minecraft.bread":12,"stat.craftItem.minecraft.spruce_fence":60,"stat.pickup.ebwizardry.wizard_handbook":1,"stat.pickup.minecraft.quartz":13,"stat.useItem.minecraft.golden_apple":2,"stat.pickup.minecraft.water_bucket":1,"stat.mineBlock.minecraft.leaves":632,"stat.craftItem.cyclicmagic.melter":1,"stat.craftItem.rechiseled.chisel":1,"stat.pickup.minecraft.spruce_stairs":27,"stat.mineBlock.minecraft.redstone_ore":25,"stat.pickup.minecraft.lava_bucket":2,"stat.craftItem.minecraft.brick":64,"stat.craftItem.minecraft.tripwire_hook":34,"stat.mineBlock.minecraft.stone":2063}