{"stats":{"minecraft:crafted":{"minecraft:oak_planks":72,"crystalcraft_unlimited_java:prism_pickaxe":1,"quark:blossom_planks":100,"crystalcraft_unlimited_java:obsidian_stick":6,"minecraft:crafting_table":2,"minecraft:wooden_pickaxe":1,"minecraft:stick":24,"quark:oak_chest":7,"minecraft:coal":27,"crystalcraft_unlimited_java:tourmaline_sword":1,"minecraft:stone_pickaxe":1,"eccentrictome:tome":10,"minecraft:bucket":1,"crystalcraft_unlimited_java:chalcanthite_sword":1,"crystalcraft_unlimited_java:obsidian_shard":18,"minecraft:torch":40},"minecraft:killed":{"vampirism:vampire":1,"alexsmobs:lobster":1,"minecraft:spider":2,"enemyexpansion:equestrian":2,"minecraft:tadpole":11,"minecraft:skeleton":1,"mna:spell_breaker":1,"enemyexpansion:vampflyer":1,"minecraft:pig":3,"enemyexpansion:ladybug":1,"minecraft:creeper":1,"minecraft:zombie":22,"enemyexpansion:vampire":1,"enemyexpansion:botfly":2,"minecraft:cow":2,"alexsmobs:mimic_octopus":1,"enemyexpansion:intruder":1,"enemyexpansion:direwolf":1,"mna:hulking_zombie":1,"mna:living_ward":1,"mna:witch_hunter":1,"enemyexpansion:sprinter":2,"minecraft:frog":27,"enemyexpansion:slugger":1},"minecraft:picked_up":{"minecraft:wheat":48,"mekanism:raw_uranium":13,"enemyexpansion:wasp_thorax":1,"crystalcraft_unlimited_java:crystalopedia":1,"forbidden_arcanus:xpetrified_orb":6,"minecraft:string":2,"crystalcraft_unlimited_java:opal":5,"minecraft:cobbled_deepslate":675,"mysticalagriculture:inferium_essence":30,"minecraft:gold_nugget":20,"crystalcraft_unlimited_java:peridot":1,"minecraft:calcite":3,"minecraft:iron_pickaxe":1,"minecraft:coal_block":3,"minecraft:stick":5,"apotheosis:gem":5,"mna:brazier":1,"minecraft:torch":5,"mysticalagriculture:prosperity_shard":42,"quark:blossom_log":25,"minecraft:porkchop":7,"iceandfire:rotten_egg":1,"minecraft:diorite":3,"vampirism:vampire_fang":1,"mna:sachet_ender":2,"mekanism:raw_tin":1,"ae2:sky_stone_block":132,"minecraft:rotten_flesh":32,"mna:pedestal":1,"botania:light_gray_mystical_flower":8,"ars_nouveau:worn_notebook":1,"minecraft:bookshelf":1,"croptopia:elderberry":2,"ars_nouveau:sourceberry_bush":56,"supplementaries:ash":2,"minecraft:deepslate_brick_stairs":1,"minecraft:obsidian":129,"minecraft:cobblestone":120,"crystalcraft_unlimited_java:raw_ruthenium":1,"minecraft:andesite":1,"minecraft:tuff":1,"evilcraft:flesh_humanoid":2,"crystalcraft_unlimited_java:garnet":4,"ae2:damaged_budding_quartz":2,"minecraft:lapis_lazuli":12,"minecraft:lantern":1,"crystalcraft_unlimited_java:grandidierite":3,"minecraft:bone":2,"minecraft:wheat_seeds":186,"crystalcraft_unlimited_java:raw_technetium":3,"minecraft:raw_gold":16,"ae2:logic_processor_press":1,"crystalcraft_unlimited_java:pink_ruby":1,"croptopia:roe":1,"crystalcraft_unlimited_java:chalcanthite":3,"mna:cerublossom":2,"minecraft:oak_planks":17,"minecraft:mossy_stone_brick_stairs":1,"malum:raw_soulstone":9,"patchouli:guide_book":1,"ae2:certus_quartz_crystal":12,"crystalcraft_unlimited_java:prism":7,"crystalcraft_unlimited_java:ammolite":2,"minecraft:spectral_arrow":1,"ae2:quartz_block":5,"alexsmobs:animal_dictionary":1,"minecraft:mossy_cobblestone":1,"crystalcraft_unlimited_java:alexandrite":3,"minecraft:diamond":24,"ae2:chipped_budding_quartz":1,"iceandfire:lectern":1,"minecraft:crossbow":1,"minecraft:bone_meal":1,"minecraft:bread":1,"minecraft:chainmail_helmet":2,"crystalcraft_unlimited_java:raw_yttrium":1,"minecraft:oak_sapling":4,"iceandfire:silver_nugget":10,"iceandfire:raw_silver":5,"sophisticatedbackpacks:gold_backpack":1,"minecraft:crafting_table":6,"minecraft:nether_wart":3,"minecraft:ladder":1,"croptopia:peach":18,"ae2:silicon_press":1,"crystalcraft_unlimited_java:raw_indium":1,"minecraft:shield":1,"minecraft:cornflower":1,"minecraft:flint_and_steel":1,"crystalcraft_unlimited_java:tanzanite":1,"minecraft:iron_shovel":1,"minecraft:blue_orchid":1,"minecraft:beef":6,"minecraft:jungle_sapling":1,"minecraft:raw_iron":29,"ars_nouveau:purple_archwood_log":61,"forbidden_arcanus:bat_wing":1,"crystalcraft_unlimited_java:raw_iridium":2,"ecologics:coconut_slice":6,"ars_nouveau:purple_archwood_sapling":10,"minecraft:redstone":137,"crystalcraft_unlimited_java:amethyst":8,"minecraft:arrow":9,"malum:natural_quartz":13,"minecraft:hay_block":12,"minecraft:warped_sign":1,"ae2:calculation_processor_press":1,"crystalcraft_unlimited_java:ametrine":7,"crystalcraft_unlimited_java:black_opal":2,"minecraft:salmon":1,"malum:cluster_of_brilliance":2,"croptopia:glowing_calamari":1,"minecraft:oak_log":30,"minecraft:lily_pad":2,"minecraft:gunpowder":6,"crystalcraft_unlimited_java:matizium":10,"malum:cthonic_gold_fragment":2,"botania:light_blue_mystical_flower":6,"naturalist:bass":1,"minecraft:red_carpet":52,"minecraft:stone_bricks":1,"minecraft:spore_blossom":1,"crystalcraft_unlimited_java:tourmaline":2,"minecraft:stone_pickaxe":1,"croptopia:elderberry_seed":1,"minecraft:iron_sword":2,"forbidden_arcanus:darkstone":170,"minecraft:polished_andesite_stairs":1,"iceandfire:copper_nugget":28,"mna:raw_vinteum":11,"crystalcraft_unlimited_java:raw_silver":5,"minecraft:dandelion":1,"minecraft:gravel":4,"quark:oak_chest":1,"mekanism:raw_osmium":1,"minecraft:spider_eye":2,"mna:sachet_earth":1,"forbidden_arcanus:arcane_crystal":1,"crystalcraft_unlimited_java:olivine":1,"evilcraft:dark_gem":54,"mekanism:fluorite_gem":33,"crystalcraft_unlimited_java:raw_magnesium":4,"ae2:engineering_processor_press":1,"minecraft:coal":55},"minecraft:mined":{"mna:brazier":1,"iceandfire:copper_pile":2,"minecraft:jungle_leaves":3,"minecraft:obsidian":129,"malum:soulstone_ore":9,"ae2:quartz_cluster":3,"iceandfire:lectern":1,"malum:deepslate_quartz_ore":5,"minecraft:coal_block":3,"crystalcraft_unlimited_java:amethyst_ore":1,"ars_nouveau:sourceberry_bush":12,"botania:light_gray_mystical_flower":4,"mysticalagriculture:inferium_ore":1,"minecraft:spawner":2,"crystalcraft_unlimited_java:deepslate_tanzanite_ore":1,"minecraft:iron_ore":19,"minecraft:cobbled_deepslate":1,"crystalcraft_unlimited_java:deepslate_opal_ore":5,"crystalcraft_unlimited_java:pink_ruby_ore":1,"minecraft:deepslate_lapis_ore":2,"crystalcraft_unlimited_java:deepslate_alexandrite_ore":1,"iceandfire:gold_pile":3,"botania:light_blue_mystical_flower":3,"crystalcraft_unlimited_java:matizium_ore":2,"crystalcraft_unlimited_java:deepslate_prism_ore":7,"minecraft:deepslate_redstone_ore":30,"crystalcraft_unlimited_java:deepslate_magnesium_ore":4,"minecraft:torch":1,"minecraft:calcite":3,"minecraft:polished_andesite_stairs":2,"mna:cerublossom":1,"mekanism:tin_ore":1,"malum:brilliant_deepslate":2,"quark:blossom_log":25,"crystalcraft_unlimited_java:deepslate_silver_ore":5,"crystalcraft_unlimited_java:iridium_ore":2,"forbidden_arcanus:darkstone":170,"evilcraft:dark_ore_deepslate":8,"crystalcraft_unlimited_java:deepslate_black_opal_ore":2,"minecraft:wheat":4,"crystalcraft_unlimited_java:deepslate_garnet_ore":4,"ae2:flawed_budding_quartz":1,"minecraft:grass":24,"ae2:quartz_block":4,"minecraft:oak_log":20,"crystalcraft_unlimited_java:indium_ore":1,"mysticalagriculture:deepslate_prosperity_ore":18,"crystalcraft_unlimited_java:deepslate_technetium_ore":3,"mysticalagriculture:deepslate_inferium_ore":1,"minecraft:deepslate":676,"ae2:chipped_budding_quartz":2,"minecraft:tuff":1,"crystalcraft_unlimited_java:deepslate_ametyst_ore":7,"iceandfire:silver_ore":5,"crystalcraft_unlimited_java:ametrine_ore":2,"minecraft:mossy_cobblestone":1,"minecraft:deepslate_diamond_ore":24,"crystalcraft_unlimited_java:deepslate_grand_ore":3,"mekanism:deepslate_osmium_ore":1,"crystalcraft_unlimited_java:chalcanthite_ore":3,"mna:vinteum_ore":11,"biomesoplenty:dune_grass":2,"minecraft:hay_block":12,"forbidden_arcanus:deepslate_arcane_crystal_ore":1,"ae2:damaged_budding_quartz":2,"crystalcraft_unlimited_java:deepslate_peridot_ore":2,"evilcraft:dark_ore":3,"ae2:mysterious_cube":1,"croptopia:peach_crop":1,"biomesoplenty:sea_oats":1,"minecraft:vine":2,"minecraft:deepslate_iron_ore":9,"crystalcraft_unlimited_java:deepslate_tourmaline_ore":2,"ae2:sky_stone_block":132,"minecraft:stone":64,"ars_nouveau:purple_archwood_log":61,"quark:oak_chest":1,"minecraft:crafting_table":4,"crystalcraft_unlimited_java:olivine_ore":1,"minecraft:tall_grass":21,"minecraft:deepslate_gold_ore":16,"crystalcraft_unlimited_java:deepslate_ruthenium_ore":1,"minecraft:diorite":3,"crystalcraft_unlimited_java:deepslate_ammolite_ore":4,"forbidden_arcanus:xpetrified_ore":4,"crystalcraft_unlimited_java:alexandrite_ore":2,"crystalcraft_unlimited_java:deepslate_matizium_ore":8,"minecraft:coal_ore":55,"iceandfire:silver_pile":3,"mekanism:deepslate_fluorite_ore":10,"mekanism:deepslate_uranium_ore":14,"crystalcraft_unlimited_java:yttrium_ore":2,"crystalcraft_unlimited_java:deepslate_ametrine_ore":6},"minecraft:killed_by":{"enemyexpansion:sprinter":1,"minecraft:zombie":6,"enemyexpansion:invisicreeper":2,"enemyexpansion:trollenraged":2,"minecraft:stray":1,"enemyexpansion:equestrian":1,"iceandfire:gorgon":1,"minecraft:skeleton":1},"minecraft:broken":{"minecraft:iron_boots":1,"minecraft:iron_chestplate":1,"minecraft:iron_leggings":1,"minecraft:wooden_pickaxe":1,"minecraft:iron_pickaxe":1,"minecraft:iron_helmet":1},"minecraft:dropped":{"minecraft:iron_sword":2,"mna:cerublossom":1,"crystalcraft_unlimited_java:obsidian_stick":2,"minecraft:mossy_stone_brick_stairs":1,"sophisticatedbackpacks:gold_backpack":1,"minecraft:netherite_boots":1,"minecraft:jungle_sapling":1,"minecraft:gold_nugget":8,"minecraft:bone_meal":1,"minecraft:rotten_flesh":11,"minecraft:warped_sign":1,"supplementaries:ash":1,"mysticalagriculture:inferium_essence":6,"minecraft:flowering_azalea_leaves":1,"minecraft:bread":44,"minecraft:wheat_seeds":106,"minecraft:mossy_cobblestone":1,"minecraft:bookshelf":1,"minecraft:netherite_chestplate":1,"minecraft:netherite_helmet":1,"minecraft:spruce_button":1,"minecraft:chainmail_helmet":1,"minecraft:grass_block":1,"botania:light_blue_mystical_flower":3,"minecraft:deepslate_brick_stairs":1,"minecraft:diorite":3,"iceandfire:copper_nugget":28,"minecraft:torch":21,"minecraft:potion":1,"minecraft:polished_andesite_stairs":1,"minecraft:stone_brick_slab":1,"croptopia:elderberry":2,"minecraft:netherite_leggings":1,"minecraft:flint_and_steel":1,"croptopia:roe":1,"minecraft:stone_bricks":1,"minecraft:calcite":3},"minecraft:used":{"iceandfire:lectern":1,"minecraft:moss_block":33,"elevatorid:elevator_gray":2,"minecraft:spruce_slab":209,"minecraft:chest":543,"minecraft:shield":12,"minecraft:stone":5258,"minecraft:iron_sword":66,"minecraft:nether_wart":27,"minecraft:bubble_coral":5,"minecraft:mossy_stone_brick_slab":32,"minecraft:farmland":97,"minecraft:tube_coral":8,"minecraft:soul_sand":46,"minecraft:deepslate_brick_slab":22,"ironchest:iron_chest":4,"minecraft:tuff":40,"minecraft:axolotl_bucket":2,"minecraft:stripped_spruce_log":2077,"minecraft:obsidian":19,"alexsmobs:potted_flutter":1,"minecraft:glass":5,"minecraft:red_wool":150,"minecraft:lantern":73,"minecraft:grass_block":502,"draconicevolution:chaotic_sword":1,"minecraft:stone_brick_stairs":750,"minecraft:stone_bricks":747,"minecraft:red_carpet":243,"croptopia:peach":13,"minecraft:bow":48,"minecraft:horn_coral":2,"minecraft:oak_sapling":2,"minecraft:furnace":26,"minecraft:mossy_stone_bricks":425,"minecraft:diorite":64,"minecraft:torchflower":1,"minecraft:stone_pickaxe":31,"minecraft:oak_planks":41,"minecraft:wooden_pickaxe":59,"minecraft:mossy_stone_brick_stairs":50,"minecraft:composter":15,"minecraft:oak_leaves":3,"minecraft:brain_coral":8,"elevatorid:elevator_white":3,"minecraft:loom":32,"minecraft:light_blue_wool":35,"minecraft:blast_furnace":96,"minecraft:sponge":1,"crystalcraft_unlimited_java:adamantite_and_mythril_axe":1,"minecraft:stone_brick_wall":70,"minecraft:cobbled_deepslate_stairs":40,"minecraft:deepslate_brick_stairs":38,"quark:blackstone_furnace":1,"crystalcraft_unlimited_java:chalcanthite_sword":8,"minecraft:bread":23,"minecraft:spore_blossom":6,"minecraft:deepslate":109,"minecraft:flowering_azalea_leaves":36,"minecraft:lilac":2,"crystalcraft_unlimited_java:riaritidesutoroiyapurizumu":7,"minecraft:grindstone":1,"minecraft:andesite":139,"minecraft:chain":64,"minecraft:coarse_dirt":23,"minecraft:bone_meal":78,"biomesoplenty:flowering_oak_leaves":4,"minecraft:oak_trapdoor":21,"minecraft:netherite_sword":24,"crystalcraft_unlimited_java:tourmaline_sword":69,"minecraft:enchanting_table":1,"minecraft:flint_and_steel":2,"minecraft:armor_stand":4,"minecraft:spruce_planks":2262,"mcwdoors:spruce_barn_glass_door":2,"minecraft:torch":22,"minecraft:dirt":89,"minecraft:brewing_stand":18,"minecraft:anvil":16,"create:redstone_contact":1,"minecraft:spruce_stairs":1161,"minecraft:glow_lichen":58,"minecraft:granite":67,"minecraft:spruce_fence":30,"minecraft:stone_brick_slab":366,"minecraft:bookshelf":237,"minecraft:iron_axe":99,"minecraft:oak_stairs":28,"minecraft:spruce_button":8,"connectedglass:borderless_glass":50,"minecraft:barrel":155,"crystalcraft_unlimited_java:prism_pickaxe":1130,"minecraft:glowstone":137,"quark:andesite_bricks":222,"minecraft:cobbled_deepslate":30,"minecraft:turtle_egg":6,"minecraft:hanging_roots":48,"minecraft:pointed_dripstone":34,"minecraft:cobbled_deepslate_wall":3,"minecraft:wheat_seeds":8,"minecraft:water_bucket":202,"crystalcraft_unlimited_java:adamantite_sword":23,"mysticalagriculture:inferium_furnace":3,"minecraft:cauldron":6,"minecraft:stonecutter":1,"minecraft:spruce_fence_gate":18,"minecraft:glow_item_frame":18,"minecraft:mossy_cobblestone":21,"minecraft:vine":37,"minecraft:crafting_table":14,"minecraft:red_bed":3,"minecraft:fire_coral":5,"minecraft:spruce_log":38,"minecraft:smoker":8,"minecraft:flower_pot":9,"minecraft:iron_pickaxe":337,"minecraft:spruce_trapdoor":1529,"minecraft:cobblestone":5,"minecraft:potion":43,"minecraft:azalea_leaves":2,"minecraft:cobbled_deepslate_slab":7,"minecraft:bucket":1,"quark:oak_chest":8,"alexsmobs:animal_dictionary":1,"minecraft:sea_pickle":110,"minecraft:stripped_oak_log":90,"minecraft:dandelion":1,"minecraft:kelp":4,"minecraft:splash_potion":8},"minecraft:custom":{"minecraft:interact_with_crafting_table":15,"minecraft:open_barrel":16,"minecraft:leave_game":19,"minecraft:time_since_death":24923,"minecraft:sprint_one_cm":694544,"minecraft:damage_blocked_by_shield":240,"minecraft:drop":70,"minecraft:talked_to_villager":2,"minecraft:play_time":2087202,"minecraft:deaths":17,"minecraft:jump":3510,"minecraft:walk_on_water_one_cm":148556,"minecraft:interact_with_furnace":7,"minecraft:interact_with_loom":2,"minecraft:damage_dealt":13740,"minecraft:player_kills":1,"minecraft:crouch_one_cm":46635,"minecraft:mob_kills":91,"minecraft:damage_dealt_resisted":289,"minecraft:climb_one_cm":11770,"minecraft:walk_one_cm":1305817,"minecraft:damage_dealt_absorbed":22,"minecraft:sneak_time":42949,"minecraft:walk_under_water_one_cm":196643,"minecraft:interact_with_blast_furnace":2,"minecraft:total_world_time":2087202,"minecraft:pot_flower":5,"minecraft:time_since_rest":40714,"minecraft:damage_taken":2147483647,"minecraft:swim_one_cm":27813,"minecraft:fly_one_cm":4758628,"minecraft:open_chest":46,"minecraft:fall_one_cm":59893}},"DataVersion":3465}