{"stats":{"minecraft:dropped":{"minecraft:wheat_seeds":104,"mna:cerublossom":1,"minecraft:rotten_flesh":1,"minecraft:warped_sign":1,"sophisticatedbackpacks:gold_backpack":1,"botania:light_blue_mystical_flower":3,"supplementaries:ash":1,"iceandfire:copper_nugget":28,"minecraft:gold_nugget":8},"minecraft:custom":{"minecraft:interact_with_furnace":2,"minecraft:mob_kills":6,"minecraft:interact_with_crafting_table":3,"minecraft:open_barrel":1,"minecraft:damage_dealt_resisted":0,"minecraft:leave_game":1,"minecraft:time_since_death":193674,"minecraft:climb_one_cm":1443,"minecraft:time_since_rest":193706,"minecraft:sprint_one_cm":142401,"minecraft:damage_taken":558,"minecraft:walk_one_cm":225902,"minecraft:drop":11,"minecraft:damage_dealt":738,"minecraft:swim_one_cm":4981,"minecraft:fly_one_cm":840325,"minecraft:talked_to_villager":1,"minecraft:open_chest":13,"minecraft:crouch_one_cm":2447,"minecraft:play_time":206812,"minecraft:deaths":1,"minecraft:sneak_time":3405,"minecraft:walk_under_water_one_cm":57290,"minecraft:jump":684,"minecraft:walk_on_water_one_cm":9984,"minecraft:total_world_time":206812,"minecraft:fall_one_cm":20375},"minecraft:picked_up":{"sophisticatedbackpacks:gold_backpack":1,"minecraft:crafting_table":2,"minecraft:wheat":46,"croptopia:peach":18,"minecraft:andesite":1,"enemyexpansion:wasp_thorax":1,"crystalcraft_unlimited_java:crystalopedia":1,"minecraft:oak_log":30,"forbidden_arcanus:xpetrified_orb":6,"minecraft:string":1,"botania:light_blue_mystical_flower":6,"naturalist:bass":1,"mysticalagriculture:inferium_essence":3,"minecraft:wheat_seeds":181,"minecraft:gold_nugget":20,"minecraft:beef":6,"minecraft:stone_pickaxe":1,"minecraft:iron_pickaxe":1,"croptopia:elderberry_seed":1,"mna:cerublossom":2,"minecraft:coal_block":3,"minecraft:iron_sword":1,"minecraft:oak_planks":17,"minecraft:stick":5,"minecraft:raw_iron":20,"iceandfire:copper_nugget":28,"ars_nouveau:purple_archwood_log":61,"crystalcraft_unlimited_java:raw_iridium":2,"mna:brazier":1,"mna:raw_vinteum":8,"patchouli:guide_book":1,"minecraft:dandelion":1,"minecraft:porkchop":7,"ars_nouveau:purple_archwood_sapling":10,"crystalcraft_unlimited_java:amethyst":1,"quark:oak_chest":1,"mekanism:raw_tin":1,"minecraft:spider_eye":1,"alexsmobs:animal_dictionary":1,"crystalcraft_unlimited_java:alexandrite":2,"minecraft:rotten_flesh":1,"mna:pedestal":1,"botania:light_gray_mystical_flower":8,"iceandfire:lectern":1,"ars_nouveau:worn_notebook":1,"evilcraft:dark_gem":15,"minecraft:warped_sign":1,"croptopia:elderberry":1,"ars_nouveau:sourceberry_bush":56,"supplementaries:ash":1,"minecraft:oak_sapling":4,"iceandfire:silver_nugget":10,"minecraft:coal":34,"iceandfire:raw_silver":3,"minecraft:cobblestone":118},"minecraft:killed_by":{"enemyexpansion:equestrian":1},"minecraft:broken":{"minecraft:wooden_pickaxe":1},"minecraft:used":{"iceandfire:lectern":1,"minecraft:wheat_seeds":4,"minecraft:mossy_stone_bricks":16,"minecraft:stone_pickaxe":31,"minecraft:spruce_planks":7,"minecraft:wooden_pickaxe":59,"minecraft:stone":696,"minecraft:iron_sword":41,"minecraft:spruce_fence_gate":18,"minecraft:crafting_table":2,"create:redstone_contact":1,"minecraft:spruce_stairs":8,"minecraft:stone_brick_wall":10,"minecraft:spruce_fence":12,"minecraft:stone_brick_slab":24,"minecraft:lantern":2,"minecraft:grass_block":455,"minecraft:iron_pickaxe":72,"minecraft:spruce_trapdoor":9,"croptopia:peach":13,"minecraft:cobblestone":5,"quark:andesite_bricks":14,"minecraft:oak_sapling":2,"minecraft:andesite":1,"alexsmobs:animal_dictionary":1,"quark:oak_chest":8,"minecraft:dandelion":1},"minecraft:crafted":{"minecraft:oak_planks":72,"minecraft:coal":27,"minecraft:crafting_table":1,"minecraft:wooden_pickaxe":1,"minecraft:stick":4,"quark:oak_chest":7,"minecraft:stone_pickaxe":1,"minecraft:torch":16},"minecraft:killed":{"minecraft:pig":3,"minecraft:spider":1,"minecraft:cow":2},"minecraft:mined":{"mna:brazier":1,"iceandfire:silver_ore":3,"quark:oak_chest":1,"iceandfire:copper_pile":2,"minecraft:crafting_table":1,"mna:cerublossom":1,"mekanism:tin_ore":1,"iceandfire:lectern":1,"minecraft:coal_block":3,"minecraft:tall_grass":19,"crystalcraft_unlimited_java:amethyst_ore":1,"mna:vinteum_ore":8,"ars_nouveau:sourceberry_bush":12,"botania:light_gray_mystical_flower":4,"mysticalagriculture:inferium_ore":1,"crystalcraft_unlimited_java:iridium_ore":2,"forbidden_arcanus:xpetrified_ore":4,"crystalcraft_unlimited_java:alexandrite_ore":2,"minecraft:iron_ore":19,"minecraft:wheat":4,"evilcraft:dark_ore":3,"croptopia:peach_crop":1,"minecraft:grass":23,"minecraft:oak_log":20,"minecraft:coal_ore":34,"iceandfire:silver_pile":3,"iceandfire:gold_pile":3,"minecraft:stone":62,"botania:light_blue_mystical_flower":3,"ars_nouveau:purple_archwood_log":61}},"DataVersion":3465}