{"stats":{"minecraft:custom":{"lootr:looted_stat":41,"minecraft:interact_with_crafting_table":38,"minecraft:open_barrel":14,"goblintraders:trade_with_goblin":2,"minecraft:bell_ring":2,"minecraft:eat_cake_slice":2,"minecraft:leave_game":13,"minecraft:time_since_death":22993,"minecraft:damage_resisted":1120,"minecraft:sprint_one_cm":1866095,"champions:champion_mobs_killed":119,"minecraft:drop":139,"minecraft:talked_to_villager":2,"minecraft:play_time":841185,"minecraft:deaths":78,"minecraft:jump":5049,"minecraft:interact_with_brewingstand":3,"minecraft:walk_on_water_one_cm":92317,"minecraft:interact_with_furnace":14,"minecraft:sleep_in_bed":1,"minecraft:waystone_activated":2,"minecraft:damage_dealt":10162,"minecraft:player_kills":5,"minecraft:crouch_one_cm":45974,"minecraft:horse_one_cm":3275,"minecraft:mob_kills":157,"minecraft:damage_dealt_resisted":514,"minecraft:climb_one_cm":71069,"minecraft:walk_one_cm":4438202,"minecraft:damage_dealt_absorbed":262,"minecraft:sneak_time":9330,"minecraft:walk_under_water_one_cm":47295,"minecraft:boat_one_cm":3540,"minecraft:total_world_time":841185,"minecraft:time_since_rest":23021,"minecraft:damage_taken":22748,"minecraft:damage_absorbed":13425,"minecraft:swim_one_cm":16550,"minecraft:fly_one_cm":1182550,"minecraft:open_chest":79,"minecraft:fall_one_cm":201440},"minecraft:mined":{"quark:dark_oak_bookshelf":2,"minecraft:large_amethyst_bud":2,"create:deepslate_zinc_ore":2,"quark:iron_plate":1,"minecraft:spruce_planks":2,"habitat:slime_fern":3,"minecraft:grass_block":6,"minecraft:spawner":4,"immersive_weathering:exposed_iron_door":1,"undead_revamp2:bostroxore":8,"minecraft:iron_ore":50,"minecraft:cave_vines":1,"minecraft:dirt_path":1,"minecraft:small_amethyst_bud":5,"minecraft:tripwire":3,"minecraft:piston_head":8,"minecraft:deepslate_redstone_ore":4,"minecraft:medium_amethyst_bud":1,"minecraft:amethyst_cluster":2,"minecraft:clay":9,"minecraft:torch":5,"minecraft:cobblestone":8,"minecraft:sugar_cane":2,"minecraft:wall_torch":10,"supplementaries:hourglass":1,"minecraft:tnt":7,"minecraft:stone_brick_stairs":1,"minecraft:grass":7,"minecraft:oak_log":2,"minecraft:dirt":6,"minecraft:tripwire_hook":2,"minecraft:oak_leaves":19,"minecraft:deepslate":1,"minecraft:emerald_block":2,"create:zinc_ore":9,"minecraft:deepslate_tiles":2,"minecraft:diamond_ore":19,"minecraft:deepslate_diamond_ore":1,"minecraft:lever":1,"minecraft:redstone_wire":3,"minecraft:moss_block":2,"minecraft:hay_block":23,"lilwings:butterfly_jar":1,"minecraft:furnace":2,"treechop:chopped_log":3,"minecraft:gold_block":4,"minecraft:deepslate_iron_ore":11,"minecraft:vine":2,"minecraft:packed_ice":2,"irons_spellbooks:inscription_table":4,"minecraft:stone":105,"minecraft:crafting_table":10,"untamedwilds:flora_bush_temperate":1,"goblinsanddungeons:scoria_brick_slab":1,"minecraft:tall_grass":5,"minecraft:deepslate_gold_ore":2,"immersive_weathering:moss":3,"minecraft:prismarine_bricks":1,"minecraft:sweet_berry_bush":3,"minecraft:birch_leaves":7,"quark:rusty_iron_plate":11,"minecraft:coal_ore":61,"minecraft:cobweb":12,"minecraft:cracked_stone_bricks":2,"minecraft:stone_bricks":3,"minecraft:small_dripleaf":1,"minecraft:fern":3},"minecraft:used":{"irons_spellbooks:inscription_table":5,"minecraft:iron_sword":278,"monsterplus:darkstar":72,"minecraft:spruce_boat":7,"alexsmobs:bison_carpet":1,"quark:rusty_iron_plate":10,"minecraft:written_book":5,"minecraft:oak_sapling":1,"minecraft:furnace":2,"epicfight:skillbook":1,"minecraft:mossy_stone_bricks":4,"minecraft:stone_pickaxe":100,"minecraft:wooden_pickaxe":53,"minecraft:cookie":1,"minecraft:lever":1,"minecraft:bread":59,"minecraft:string":1,"minecraft:diamond_ore":19,"minecraft:experience_bottle":1,"minecraft:stone_sword":33,"minecraft:spruce_planks":42,"minecraft:torch":54,"minecraft:spyglass":12,"quest_giver:trading_contract_weaponsmith":2,"quark:spruce_chest":5,"untamedwilds:food_bear_cooked":3,"minecraft:iron_axe":40,"minecraft:cooked_beef":29,"minecraft:glass_bottle":1,"minecraft:tnt":7,"minecraft:crafting_table":13,"minecraft:campfire":1,"magistuarmory:iron_pike":4,"minecraft:apple":2,"minecraft:iron_pickaxe":238,"minecraft:stone_axe":13,"minecraft:cobblestone":40,"untamedwilds:flora_bush_temperate":1},"minecraft:crafted":{"minecraft:oak_planks":8,"minecraft:glass":3,"minecraft:chest":2,"bloodandmadness:sanguisteel_ingot":1,"minecraft:glass_bottle":3,"sophisticatedbackpacks:backpack":2,"minecraft:emerald":18,"minecraft:crafting_table":4,"minecraft:spruce_planks":36,"minecraft:wooden_pickaxe":1,"minecraft:birch_planks":20,"minecraft:campfire":1,"minecraft:paper":6,"minecraft:stick":8,"minecraft:iron_ingot":59,"minecraft:iron_pickaxe":1,"minecraft:stone_sword":1,"minecraft:gold_ingot":9,"irons_spellbooks:mana_ring":1,"irons_spellbooks:arcane_ingot":4,"simple_mobs:bundled_emerald":1,"minecraft:furnace":1,"minecraft:spruce_fence":3,"minecraft:iron_axe":1,"minecraft:spruce_slab":6,"minecraft:stone_pickaxe":1,"minecraft:spruce_boat":1,"quark:spruce_chest":6,"minecraft:wheat":100,"sophisticatedbackpacks:iron_backpack":1,"minecraft:cooked_beef":34,"paraglider:paraglider":1,"bloodandmadness:red_jewel":1,"minecraft:iron_sword":1,"minecraft:bucket":1,"minecraft:stone_axe":1,"minecraft:air":356,"irons_spellbooks:inscription_table":1,"minecraft:torch":20},"minecraft:picked_up":{"irons_spellbooks:scroll":4,"minecraft:chainmail_boots":1,"minecraft:lead":2,"minecraft:enchanted_book":2,"minecraft:stone_brick_stairs":1,"simple_mobs:bundled_emerald":1,"minecraft:string":34,"minecraft:sticky_piston":1,"minecraft:zombie_head":2,"irons_spellbooks:arcane_essence":12,"minecraft:cobbled_deepslate":1,"supplementaries:hourglass":1,"minecraft:spruce_planks":5,"irons_spellbooks:inscription_table":4,"minecraft:furnace":2,"minecraft:diamond_ore":19,"minecraft:stick":11,"apotheosis:gem":7,"immersive_weathering:sand_layer_block":13,"minecraft:torch":14,"minecraft:porkchop":7,"minecraft:stone_sword":1,"minecraft:rotten_flesh":28,"bloodandmadness:siderite_nugget":1,"minecraft:cobblestone":107,"paraglider:paraglider":1,"minecraft:birch_log":5,"minecraft:leather_chestplate":2,"epicfight:stone_spear":1,"paraglider:spirit_orb":3,"create:raw_zinc":11,"minecraft:prismarine_bricks":1,"simple_mobs:griffin_feather":4,"minecraft:dirt":6,"aquamirae:fin":4,"minecraft:leather_boots":1,"immersive_weathering:exposed_iron_door":1,"irons_spellbooks:iron_spell_book":1,"minecraft:bone":17,"goblinsanddungeons:scoria_brick_slab":2,"minecraft:wheat_seeds":6,"minecraft:raw_gold":6,"quark:soul_bead":14,"minecraft:mossy_stone_bricks":4,"minecraft:rabbit":1,"minecraft:moss_block":2,"hexerei:animal_fat":9,"simple_mobs:shade_mane":1,"paraglider:essence":2,"irons_spellbooks:frozen_bone":6,"minecraft:spectral_arrow":1,"alexsmobs:bison_carpet":1,"bloodandmadness:bullets/quicksilver_bullet":4,"minecraft:diamond":20,"minecraft:spruce_boat":8,"minecraft:lever":1,"minecraft:emerald":4,"minecraft:oak_sapling":3,"minecraft:crafting_table":10,"dawncraft:crystallized_xp":3,"bloodandmadness:twin_blood_stone_shards":1,"minecraft:splash_potion":4,"minecraft:chicken":2,"minecraft:clay_ball":36,"minecraft:gold_block":4,"minecraft:shield":1,"aquamirae:sharp_bones":1,"bloodandmadness:blood_vial":3,"minecraft:cracked_stone_bricks":3,"minecraft:beef":34,"irons_spellbooks:epic_ink":3,"minecraft:iron_nugget":4,"minecraft:sugar_cane":6,"minecraft:birch_sapling":4,"minecraft:egg":11,"minecraft:raw_iron":57,"untamedwilds:flora_bush_temperate":5,"sophisticatedbackpacks:backpack":5,"minecraft:redstone":21,"bloodandmadness:beastblood_clump":4,"goblinsanddungeons:goblin_crown":3,"irons_spellbooks:evocation_rune":2,"hexerei:sage_seed":6,"minecraft:tnt":7,"minecraft:arrow":18,"minecraft:hay_block":23,"minecraft:mutton":2,"minecraft:skeleton_skull":1,"minecraft:white_wool":6,"minecraft:bone_block":24,"minecraft:glow_ink_sac":1,"minecraft:tripwire_hook":1,"minecraft:leather":20,"minecraft:filled_map":3,"quark:rusty_iron_plate":10,"minecraft:oak_log":2,"minecraft:paper":2,"minecraft:white_banner":1,"irons_spellbooks:rare_ink":2,"minecraft:apple":2,"minecraft:stone_bricks":3,"minecraft:rabbit_hide":1,"minecraft:iron_ingot":2,"habitat:slime_fern":3,"minecraft:stone_pickaxe":1,"minecraft:cobweb":6,"minecraft:glass_bottle":1,"goblinsanddungeons:scoria":16,"minecraft:iron_sword":1,"minecraft:book":3,"minecraft:black_candle":1,"minecraft:emerald_block":2,"minecraft:sweet_berries":2,"minecraft:amethyst_shard":8,"minecraft:spruce_sapling":11,"minecraft:spruce_log":32,"simple_mobs:blighted_meat":1,"minecraft:spider_eye":2,"undead_revamp2:rawbostrox":7,"minecraft:gray_wool":1,"minecraft:coal":69},"minecraft:killed":{"minecraft:cave_spider":8,"minecraft:spider":6,"monsterplus:crystal_zombie":1,"minecraft:skeleton":9,"monsterplus:glow_skeleton":1,"goblinsanddungeons:garch":1,"minecraft:chicken":2,"irons_spellbooks:archevoker":2,"minecraft:pig":3,"simple_mobs:gobber":3,"dannys_expansion:floam":2,"minecraft:sheep":8,"minecraft:trader_llama":2,"minecraft:pillager":10,"goblinsanddungeons:hobgob":1,"minecraft:zombie":25,"minecraft:cow":18,"bloodandmadness:church_doctor":1,"minecraft:vindicator":10,"minecraft:zoglin":1,"bloodandmadness:brainsucker":1,"bloodandmadness:church_doctor_scythe":1,"restored_earth:skeleton_wolf":2,"restored_earth:bouldering_zombie":4,"simple_mobs:gryphon":1,"minecraft:husk":3,"simple_mobs:minotaur":1,"aquamirae:maw":2,"restored_earth:lobber_zombie":1,"simple_mobs:goom":1,"goblinsanddungeons:gob":1,"minecraft:rabbit":1,"minecraft:wandering_trader":1,"majruszsdifficulty:cursed_armor":6,"bloodandmadness:church_doctor_lantern":1,"bloodandmadness:church_doctor_crucifix":1,"simple_mobs:gob":3,"simple_mobs:goblo":1,"quark:wraith":14},"minecraft:dropped":{"minecraft:iron_sword":1,"minecraft:moss_block":2,"minecraft:porkchop":7,"minecraft:birch_planks":1,"minecraft:crafting_table":1,"minecraft:cracked_stone_bricks":3,"paraglider:spirit_orb":3,"minecraft:emerald":50,"minecraft:dirt":2,"dawncraft:crystallized_xp":1,"minecraft:mutton":2,"irons_spellbooks:epic_ink":2,"irons_spellbooks:arcane_essence":1,"minecraft:pumpkin_pie":3,"minecraft:iron_pickaxe":1,"paraglider:paraglider":1,"minecraft:bone":4,"goblinsanddungeons:scoria_brick_slab":2,"minecraft:stone_axe":1,"minecraft:cobbled_deepslate":1,"simple_mobs:bundled_emerald":1,"minecraft:birch_sapling":4,"habitat:slime_fern":3,"minecraft:rotten_flesh":28,"immersive_weathering:sand_layer_block":18,"simple_mobs:blighted_meat":1,"untamedwilds:food_bear_cooked":1,"minecraft:rabbit_hide":1,"minecraft:leather_chestplate":1,"minecraft:skeleton_skull":1,"minecraft:leather_boots":1,"apotheosis:gem":4,"minecraft:arrow":16,"minecraft:prismarine_bricks":1,"aquamirae:sharp_bones":1,"minecraft:written_book":3,"minecraft:splash_potion":4,"minecraft:egg":11,"minecraft:iron_ingot":2,"minecraft:bread":3,"bloodandmadness:bullets/quicksilver_bullet":3,"minecraft:wheat_seeds":6,"minecraft:cobblestone":26,"minecraft:book":1,"bloodandmadness:twin_blood_stone_shards":1,"epicfight:stone_spear":1,"irons_spellbooks:scroll":1,"minecraft:cobweb":12,"goblinsanddungeons:scoria":16,"simple_mobs:griffin_feather":2,"minecraft:torch":1,"minecraft:zombie_head":2,"minecraft:paper":2,"minecraft:string":3,"minecraft:spruce_sapling":11,"goblinsanddungeons:goblin_crown":3,"hexerei:sage_seed":6,"minecraft:stone_sword":2,"untamedwilds:flora_bush_temperate":4,"minecraft:sticky_piston":1,"minecraft:chicken":2,"sophisticatedbackpacks:backpack":4,"minecraft:spruce_fence":1,"minecraft:filled_map":6,"minecraft:spruce_boat":1,"minecraft:shield":1,"minecraft:spruce_planks":3,"minecraft:oak_sapling":2,"minecraft:spider_eye":4,"minecraft:stone_bricks":3,"irons_spellbooks:iron_spell_book":1,"minecraft:stone_pickaxe":2},"minecraft:killed_by":{"minecraft:creeper":2,"simple_mobs:cube":1,"monsterplus:crystal_zombie":1,"minecraft:pillager":4,"simple_mobs:bright_elemental":3,"orcz:orcsavagegroupleader":2,"simple_mobs:patronwerewolf":2,"minecraft:zoglin":1,"minecraft:vindicator":4,"bloodandmadness:father_gascoigne":2,"simple_mobs:goblo":1,"goblinsanddungeons:goblin_king":4,"minecraft:zombie":3,"simple_mobs:gobber":3,"majruszsdifficulty:cursed_armor":9,"quark:wraith":2,"minecraft:husk":2,"minecraft:player":5,"simple_mobs:dark_elemental":1,"simple_mobs:minotaur":2,"aquamirae:anglerfish":2,"minecraft:skeleton":3,"simple_mobs:gob":1,"irons_spellbooks:archevoker":5,"bloodandmadness:church_doctor_pistol":1,"guardvillagers:guard":1,"goblinsanddungeons:garch":1,"dannys_expansion:floam":2},"minecraft:broken":{"minecraft:leather_chestplate":1,"minecraft:wooden_pickaxe":1,"irons_spellbooks:wandering_magician_helmet":1,"irons_spellbooks:wandering_magician_chestplate":1,"minecraft:iron_helmet":1}},"DataVersion":2975}