{"stat.killEntity.Skeleton":1,"stat.walkOneCm":57030,"achievement.openInventory":9,"stat.craftItem.5":128,"stat.leaveGame":1,"stat.mineBlock.162":28,"stat.damageTaken":2480,"stat.mobKills":21,"stat.flyOneCm":28234,"stat.deaths":1,"stat.useItem.267":61,"stat.mineBlock.18":2,"stat.drop":10,"stat.mineBlock.17":4,"stat.jump":158,"stat.playOneMinute":10476,"stat.entityKilledBy.Zombie":1,"stat.fallOneCm":2284,"stat.damageDealt":4165,"stat.killEntity.Zombie":2,"achievement.mineWood":2,"stat.killEntity.Cow":14,"stat.killEntity.Pig":4,"achievement.exploreAllBiomes":{"value":0,"progress":["Sunflower Plains","Roofed Forest","Plains"]},"stat.mineBlock.31":15}