{"stats":{"minecraft:custom":{"minecraft:interact_with_furnace":7,"minecraft:mob_kills":23,"minecraft:interact_with_crafting_table":9,"goblintraders:trade_with_goblin":2,"minecraft:leave_game":3,"minecraft:time_since_death":4632,"minecraft:climb_one_cm":2832,"minecraft:time_since_rest":4665,"champions:champion_mobs_killed":4,"minecraft:sprint_one_cm":181594,"minecraft:damage_taken":1410,"minecraft:walk_one_cm":1029493,"minecraft:drop":15,"minecraft:damage_dealt":1695,"minecraft:damage_dealt_absorbed":20,"minecraft:swim_one_cm":2130,"minecraft:fly_one_cm":142421,"minecraft:open_chest":3,"minecraft:crouch_one_cm":6007,"minecraft:play_time":199946,"minecraft:deaths":5,"minecraft:sneak_time":1100,"minecraft:walk_under_water_one_cm":20595,"minecraft:jump":811,"minecraft:walk_on_water_one_cm":27421,"minecraft:total_world_time":199946,"minecraft:fall_one_cm":10651},"minecraft:mined":{"habitat:slime_fern":3,"minecraft:crafting_table":4,"minecraft:torch":1,"minecraft:grass_block":2,"minecraft:tall_grass":1,"minecraft:moss_block":1,"minecraft:wall_torch":2,"immersive_weathering:moss":3,"minecraft:furnace":1,"undead_revamp2:bostroxore":6,"minecraft:iron_ore":27,"minecraft:birch_leaves":6,"treechop:chopped_log":2,"minecraft:coal_ore":54,"minecraft:oak_log":2,"minecraft:cave_vines":1,"minecraft:deepslate_iron_ore":1,"minecraft:dirt":1,"minecraft:stone":64,"minecraft:oak_leaves":7},"minecraft:used":{"minecraft:stone_sword":33,"minecraft:stone_pickaxe":100,"minecraft:wooden_pickaxe":53,"minecraft:iron_sword":6,"minecraft:torch":4,"minecraft:crafting_table":5,"minecraft:apple":2,"minecraft:iron_axe":1,"minecraft:bread":3,"minecraft:iron_pickaxe":16,"minecraft:stone_axe":13,"minecraft:cobblestone":16,"minecraft:furnace":1,"untamedwilds:flora_bush_temperate":1},"minecraft:crafted":{"minecraft:cooked_beef":34,"paraglider:paraglider":1,"minecraft:oak_planks":8,"minecraft:crafting_table":2,"minecraft:wooden_pickaxe":1,"minecraft:iron_sword":1,"minecraft:furnace":1,"minecraft:birch_planks":20,"minecraft:stone_axe":1,"minecraft:air":24,"minecraft:iron_axe":1,"minecraft:stick":8,"minecraft:iron_ingot":25,"minecraft:iron_pickaxe":1,"minecraft:stone_pickaxe":1,"minecraft:stone_sword":1,"minecraft:torch":20},"minecraft:picked_up":{"minecraft:birch_log":5,"minecraft:crafting_table":4,"minecraft:chicken":2,"minecraft:leather":15,"paraglider:spirit_orb":3,"minecraft:oak_log":2,"simple_mobs:griffin_feather":2,"irons_spellbooks:iron_spell_book":1,"minecraft:bone":2,"minecraft:apple":2,"minecraft:stone_pickaxe":1,"habitat:slime_fern":3,"minecraft:beef":34,"minecraft:moss_block":1,"minecraft:birch_sapling":2,"minecraft:furnace":1,"minecraft:egg":2,"hexerei:animal_fat":9,"minecraft:stick":8,"minecraft:raw_iron":25,"immersive_weathering:sand_layer_block":1,"minecraft:torch":3,"untamedwilds:flora_bush_temperate":3,"minecraft:spruce_sapling":5,"minecraft:spruce_log":16,"simple_mobs:blighted_meat":1,"undead_revamp2:rawbostrox":5,"minecraft:rotten_flesh":2,"minecraft:oak_sapling":2,"minecraft:coal":62,"minecraft:cobblestone":64},"minecraft:killed":{"simple_mobs:gryphon":1,"simple_mobs:minotaur":1,"minecraft:zombie":1,"minecraft:chicken":2,"restored_earth:skeleton_wolf":1,"minecraft:cow":18},"minecraft:dropped":{"minecraft:bread":3,"minecraft:stone_axe":1,"minecraft:stone_sword":1,"untamedwilds:flora_bush_temperate":2,"minecraft:birch_sapling":2,"habitat:slime_fern":3,"minecraft:rotten_flesh":2,"minecraft:oak_sapling":2,"irons_spellbooks:iron_spell_book":1,"minecraft:stone_pickaxe":2,"minecraft:spruce_sapling":5},"minecraft:killed_by":{"simple_mobs:minotaur":2,"orcz:orcsavagegroupleader":2},"minecraft:broken":{"minecraft:wooden_pickaxe":1}},"DataVersion":2975}