{"stats":{"minecraft:crafted":{"minecraft:oak_planks":12,"minecraft:crafting_table":1,"minecraft:stick":4,"minecraft:bread":48,"minecraft:wooden_pickaxe":1},"minecraft:picked_up":{"minecraft:allium":1,"minecraft:wheat":145,"minecraft:experience_bottle":1,"minecraft:wheat_seeds":427,"minecraft:gravel":1,"minecraft:oak_log":3,"minecraft:emerald":1,"minecraft:dirt":3},"minecraft:used":{"minecraft:dirt":3,"minecraft:crafting_table":1,"crystalcraft_unlimited_java:crystalopedia":1,"alexsmobs:animal_dictionary":1,"minecraft:wooden_pickaxe":5,"minecraft:gravel":1},"minecraft:mined":{"minecraft:grass":1,"biomesoplenty:bush":1,"minecraft:grass_block":1,"minecraft:oak_log":3,"minecraft:gravel":1,"minecraft:dirt":2,"minecraft:tall_grass":1,"minecraft:wheat":160,"minecraft:oak_leaves":7},"minecraft:custom":{"minecraft:time_since_rest":35386,"minecraft:open_chest":5,"minecraft:crouch_one_cm":4508,"minecraft:play_time":35386,"minecraft:sprint_one_cm":51252,"minecraft:damage_taken":40,"minecraft:walk_one_cm":87838,"minecraft:sneak_time":705,"vampirism:interact_with_totem":1,"minecraft:jump":279,"minecraft:eat_cake_slice":7,"minecraft:leave_game":1,"minecraft:damage_dealt":10,"minecraft:walk_on_water_one_cm":1733,"minecraft:time_since_death":35386,"minecraft:total_world_time":35386,"minecraft:talked_to_villager":8,"minecraft:interact_with_crafting_table":3,"minecraft:fall_one_cm":9945,"minecraft:fly_one_cm":63936}},"DataVersion":3465}