{"stats":{"minecraft:mined":{"mna:brazier":1,"iceandfire:silver_ore":5,"crystalcraft_unlimited_java:ametrine_ore":2,"minecraft:mossy_cobblestone":1,"iceandfire:copper_pile":2,"minecraft:jungle_leaves":3,"malum:soulstone_ore":9,"iceandfire:lectern":1,"minecraft:coal_block":3,"crystalcraft_unlimited_java:amethyst_ore":1,"mna:vinteum_ore":8,"ars_nouveau:sourceberry_bush":12,"biomesoplenty:dune_grass":2,"botania:light_gray_mystical_flower":4,"mysticalagriculture:inferium_ore":1,"minecraft:spawner":2,"minecraft:hay_block":12,"minecraft:iron_ore":19,"evilcraft:dark_ore":3,"croptopia:peach_crop":1,"biomesoplenty:sea_oats":1,"minecraft:vine":2,"iceandfire:gold_pile":3,"minecraft:stone":64,"botania:light_blue_mystical_flower":3,"ars_nouveau:purple_archwood_log":61,"crystalcraft_unlimited_java:matizium_ore":2,"quark:oak_chest":1,"minecraft:crafting_table":2,"minecraft:torch":1,"minecraft:calcite":3,"minecraft:polished_andesite_stairs":2,"mna:cerublossom":1,"quark:blossom_log":25,"mekanism:tin_ore":1,"minecraft:tall_grass":19,"minecraft:diorite":3,"crystalcraft_unlimited_java:iridium_ore":2,"forbidden_arcanus:xpetrified_ore":4,"crystalcraft_unlimited_java:alexandrite_ore":2,"minecraft:wheat":4,"minecraft:grass":24,"minecraft:oak_log":20,"minecraft:coal_ore":46,"iceandfire:silver_pile":3,"mysticalagriculture:deepslate_inferium_ore":1},"minecraft:custom":{"minecraft:mob_kills":79,"minecraft:interact_with_crafting_table":8,"minecraft:open_barrel":15,"minecraft:damage_dealt_resisted":231,"minecraft:leave_game":18,"minecraft:time_since_death":84931,"minecraft:climb_one_cm":11398,"minecraft:sprint_one_cm":557545,"minecraft:walk_one_cm":1145304,"minecraft:damage_blocked_by_shield":240,"minecraft:drop":55,"minecraft:damage_dealt_absorbed":22,"minecraft:talked_to_villager":2,"minecraft:play_time":1813045,"minecraft:deaths":11,"minecraft:sneak_time":40469,"minecraft:walk_under_water_one_cm":188515,"minecraft:jump":2530,"minecraft:interact_with_blast_furnace":1,"minecraft:walk_on_water_one_cm":131132,"minecraft:total_world_time":1813045,"minecraft:interact_with_furnace":7,"minecraft:interact_with_loom":2,"minecraft:time_since_rest":84959,"minecraft:damage_taken":2147483647,"minecraft:damage_dealt":11369,"minecraft:player_kills":1,"minecraft:swim_one_cm":15968,"minecraft:fly_one_cm":4376797,"minecraft:open_chest":41,"minecraft:crouch_one_cm":42546,"minecraft:fall_one_cm":33303},"minecraft:picked_up":{"sophisticatedbackpacks:gold_backpack":1,"minecraft:crafting_table":3,"minecraft:wheat":46,"minecraft:ladder":1,"minecraft:nether_wart":3,"croptopia:peach":18,"enemyexpansion:wasp_thorax":1,"crystalcraft_unlimited_java:crystalopedia":1,"minecraft:shield":1,"minecraft:cornflower":1,"forbidden_arcanus:xpetrified_orb":6,"minecraft:string":2,"minecraft:flint_and_steel":1,"minecraft:blue_orchid":1,"mysticalagriculture:inferium_essence":25,"minecraft:gold_nugget":20,"minecraft:beef":6,"minecraft:calcite":3,"minecraft:jungle_sapling":1,"minecraft:iron_pickaxe":1,"minecraft:coal_block":3,"apotheosis:gem":4,"minecraft:stick":5,"minecraft:raw_iron":20,"ars_nouveau:purple_archwood_log":61,"forbidden_arcanus:bat_wing":1,"crystalcraft_unlimited_java:raw_iridium":2,"ecologics:coconut_slice":6,"mna:brazier":1,"quark:blossom_log":25,"minecraft:torch":2,"ars_nouveau:purple_archwood_sapling":10,"minecraft:porkchop":7,"minecraft:diorite":3,"vampirism:vampire_fang":1,"crystalcraft_unlimited_java:amethyst":1,"mekanism:raw_tin":1,"minecraft:arrow":9,"minecraft:rotten_flesh":30,"mna:pedestal":1,"botania:light_gray_mystical_flower":8,"ars_nouveau:worn_notebook":1,"malum:natural_quartz":8,"minecraft:hay_block":12,"minecraft:warped_sign":1,"minecraft:bookshelf":1,"supplementaries:ash":1,"croptopia:elderberry":2,"ars_nouveau:sourceberry_bush":56,"minecraft:cobblestone":120,"crystalcraft_unlimited_java:ametrine":2,"minecraft:salmon":1,"minecraft:andesite":1,"croptopia:glowing_calamari":1,"evilcraft:flesh_humanoid":1,"minecraft:oak_log":30,"minecraft:lily_pad":2,"crystalcraft_unlimited_java:matizium":2,"malum:cthonic_gold_fragment":2,"minecraft:lantern":1,"botania:light_blue_mystical_flower":6,"naturalist:bass":1,"minecraft:red_carpet":52,"minecraft:bone":2,"minecraft:stone_bricks":1,"minecraft:wheat_seeds":183,"minecraft:stone_pickaxe":1,"croptopia:roe":1,"croptopia:elderberry_seed":1,"mna:cerublossom":2,"minecraft:iron_sword":2,"minecraft:oak_planks":17,"minecraft:mossy_stone_brick_stairs":1,"minecraft:polished_andesite_stairs":1,"iceandfire:copper_nugget":28,"malum:raw_soulstone":9,"mna:raw_vinteum":8,"patchouli:guide_book":1,"minecraft:dandelion":1,"minecraft:gravel":4,"minecraft:spectral_arrow":1,"quark:oak_chest":1,"alexsmobs:animal_dictionary":1,"minecraft:spider_eye":2,"mna:sachet_earth":1,"minecraft:mossy_cobblestone":1,"crystalcraft_unlimited_java:alexandrite":2,"iceandfire:lectern":1,"evilcraft:dark_gem":15,"minecraft:crossbow":1,"minecraft:bone_meal":1,"minecraft:chainmail_helmet":2,"minecraft:oak_sapling":4,"minecraft:coal":46,"iceandfire:silver_nugget":10,"iceandfire:raw_silver":5},"minecraft:crafted":{"minecraft:oak_planks":72,"minecraft:coal":27,"crystalcraft_unlimited_java:tourmaline_sword":1,"minecraft:stone_pickaxe":1,"quark:blossom_planks":100,"crystalcraft_unlimited_java:obsidian_stick":6,"minecraft:crafting_table":2,"minecraft:wooden_pickaxe":1,"minecraft:bucket":1,"minecraft:stick":24,"quark:oak_chest":7,"crystalcraft_unlimited_java:obsidian_shard":18,"minecraft:torch":40},"minecraft:dropped":{"minecraft:bread":32,"minecraft:iron_sword":2,"minecraft:wheat_seeds":106,"minecraft:mossy_cobblestone":1,"minecraft:bookshelf":1,"minecraft:netherite_chestplate":1,"minecraft:netherite_helmet":1,"mna:cerublossom":1,"minecraft:mossy_stone_brick_stairs":1,"minecraft:spruce_button":1,"minecraft:chainmail_helmet":1,"minecraft:grass_block":1,"sophisticatedbackpacks:gold_backpack":1,"botania:light_blue_mystical_flower":3,"minecraft:torch":21,"minecraft:diorite":3,"iceandfire:copper_nugget":28,"minecraft:netherite_boots":1,"minecraft:potion":1,"minecraft:polished_andesite_stairs":1,"minecraft:jungle_sapling":1,"minecraft:gold_nugget":8,"minecraft:bone_meal":1,"minecraft:stone_brick_slab":1,"croptopia:elderberry":2,"minecraft:rotten_flesh":11,"minecraft:warped_sign":1,"minecraft:netherite_leggings":1,"minecraft:flint_and_steel":1,"supplementaries:ash":1,"mysticalagriculture:inferium_essence":6,"croptopia:roe":1,"minecraft:stone_bricks":1,"minecraft:calcite":3,"minecraft:flowering_azalea_leaves":1},"minecraft:broken":{"minecraft:iron_boots":1,"minecraft:iron_chestplate":1,"minecraft:iron_leggings":1,"minecraft:wooden_pickaxe":1,"minecraft:iron_helmet":1},"minecraft:killed_by":{"enemyexpansion:equestrian":1,"iceandfire:gorgon":1,"enemyexpansion:sprinter":1,"minecraft:skeleton":1,"minecraft:zombie":6},"minecraft:killed":{"alexsmobs:mimic_octopus":1,"vampirism:vampire":1,"enemyexpansion:intruder":1,"enemyexpansion:equestrian":1,"minecraft:spider":2,"minecraft:tadpole":11,"enemyexpansion:direwolf":1,"minecraft:skeleton":1,"mna:spell_breaker":1,"minecraft:pig":3,"mna:witch_hunter":1,"enemyexpansion:ladybug":1,"enemyexpansion:sprinter":1,"minecraft:frog":27,"minecraft:zombie":21,"enemyexpansion:botfly":2,"minecraft:cow":2},"minecraft:used":{"iceandfire:lectern":1,"minecraft:oak_trapdoor":14,"crystalcraft_unlimited_java:tourmaline_sword":60,"minecraft:netherite_sword":24,"minecraft:flint_and_steel":2,"minecraft:enchanting_table":1,"minecraft:armor_stand":4,"elevatorid:elevator_gray":2,"minecraft:spruce_slab":131,"minecraft:chest":434,"minecraft:spruce_planks":2262,"minecraft:shield":12,"minecraft:iron_sword":66,"minecraft:stone":5258,"minecraft:nether_wart":27,"minecraft:bubble_coral":5,"minecraft:mossy_stone_brick_slab":32,"minecraft:farmland":89,"minecraft:tube_coral":8,"minecraft:torch":14,"minecraft:soul_sand":46,"minecraft:dirt":85,"minecraft:brewing_stand":18,"minecraft:anvil":16,"create:redstone_contact":1,"minecraft:spruce_stairs":1139,"minecraft:tuff":40,"minecraft:glow_lichen":58,"minecraft:granite":67,"minecraft:axolotl_bucket":2,"minecraft:spruce_fence":28,"minecraft:stripped_spruce_log":2054,"minecraft:obsidian":19,"minecraft:glass":5,"minecraft:stone_brick_slab":366,"minecraft:bookshelf":237,"minecraft:iron_axe":97,"minecraft:red_wool":150,"minecraft:lantern":69,"minecraft:grass_block":464,"minecraft:spruce_button":8,"draconicevolution:chaotic_sword":1,"connectedglass:borderless_glass":50,"minecraft:stone_brick_stairs":750,"minecraft:barrel":148,"minecraft:stone_bricks":747,"minecraft:bow":27,"minecraft:glowstone":137,"minecraft:red_carpet":243,"croptopia:peach":13,"minecraft:horn_coral":2,"quark:andesite_bricks":222,"minecraft:oak_sapling":2,"minecraft:furnace":24,"minecraft:turtle_egg":6,"minecraft:hanging_roots":48,"minecraft:pointed_dripstone":34,"minecraft:wheat_seeds":4,"minecraft:water_bucket":202,"minecraft:mossy_stone_bricks":425,"minecraft:diorite":64,"crystalcraft_unlimited_java:adamantite_sword":23,"minecraft:stone_pickaxe":31,"mysticalagriculture:inferium_furnace":3,"minecraft:wooden_pickaxe":59,"minecraft:mossy_stone_brick_stairs":50,"minecraft:composter":13,"minecraft:cauldron":6,"minecraft:spruce_fence_gate":18,"minecraft:oak_leaves":3,"minecraft:glow_item_frame":18,"minecraft:brain_coral":8,"elevatorid:elevator_white":3,"minecraft:vine":37,"minecraft:loom":32,"minecraft:crafting_table":9,"minecraft:red_bed":3,"minecraft:light_blue_wool":35,"minecraft:blast_furnace":96,"minecraft:sponge":1,"crystalcraft_unlimited_java:adamantite_and_mythril_axe":1,"minecraft:fire_coral":5,"minecraft:stone_brick_wall":70,"minecraft:spruce_log":38,"minecraft:smoker":8,"minecraft:flower_pot":3,"quark:blackstone_furnace":1,"minecraft:bread":10,"minecraft:iron_pickaxe":114,"minecraft:deepslate":43,"minecraft:spruce_trapdoor":1509,"minecraft:flowering_azalea_leaves":29,"minecraft:cobblestone":5,"minecraft:potion":43,"minecraft:azalea_leaves":2,"crystalcraft_unlimited_java:riaritidesutoroiyapurizumu":7,"minecraft:bucket":1,"minecraft:andesite":139,"minecraft:chain":64,"quark:oak_chest":8,"alexsmobs:animal_dictionary":1,"minecraft:sea_pickle":110,"minecraft:kelp":4,"minecraft:dandelion":1,"minecraft:splash_potion":8,"minecraft:bone_meal":62}},"DataVersion":3465}