{"stats":{"minecraft:custom":{"minecraft:interact_with_furnace":7,"minecraft:mob_kills":35,"minecraft:interact_with_crafting_table":9,"goblintraders:trade_with_goblin":2,"minecraft:leave_game":4,"minecraft:time_since_death":528,"minecraft:climb_one_cm":2832,"minecraft:time_since_rest":580,"minecraft:damage_absorbed":14,"champions:champion_mobs_killed":14,"minecraft:sprint_one_cm":185119,"minecraft:damage_taken":1892,"minecraft:walk_one_cm":1081969,"minecraft:drop":19,"minecraft:damage_dealt":1827,"minecraft:damage_dealt_absorbed":20,"minecraft:swim_one_cm":2130,"minecraft:fly_one_cm":152151,"minecraft:open_chest":3,"minecraft:crouch_one_cm":6051,"minecraft:play_time":210167,"minecraft:deaths":6,"minecraft:sneak_time":1102,"minecraft:walk_under_water_one_cm":20595,"minecraft:jump":988,"minecraft:walk_on_water_one_cm":36507,"minecraft:total_world_time":210167,"minecraft:fall_one_cm":13962},"minecraft:used":{"minecraft:stone_sword":33,"minecraft:stone_pickaxe":100,"minecraft:wooden_pickaxe":53,"minecraft:iron_sword":11,"minecraft:torch":7,"minecraft:crafting_table":5,"minecraft:apple":2,"minecraft:iron_axe":1,"minecraft:bread":3,"minecraft:iron_pickaxe":70,"minecraft:stone_axe":13,"minecraft:cobblestone":16,"minecraft:furnace":1,"untamedwilds:flora_bush_temperate":1,"minecraft:cooked_beef":2},"minecraft:mined":{"create:zinc_ore":9,"create:deepslate_zinc_ore":2,"minecraft:clay":9,"habitat:slime_fern":3,"minecraft:crafting_table":4,"minecraft:torch":1,"minecraft:grass_block":2,"minecraft:tall_grass":1,"minecraft:moss_block":2,"minecraft:wall_torch":4,"immersive_weathering:moss":3,"minecraft:furnace":1,"undead_revamp2:bostroxore":8,"minecraft:iron_ore":46,"minecraft:birch_leaves":6,"treechop:chopped_log":2,"minecraft:coal_ore":54,"minecraft:oak_log":2,"minecraft:cave_vines":1,"minecraft:deepslate_iron_ore":9,"minecraft:dirt":1,"minecraft:stone":67,"minecraft:small_dripleaf":1,"minecraft:oak_leaves":7},"minecraft:crafted":{"minecraft:cooked_beef":34,"paraglider:paraglider":1,"minecraft:oak_planks":8,"minecraft:crafting_table":2,"minecraft:wooden_pickaxe":1,"minecraft:iron_sword":1,"minecraft:furnace":1,"minecraft:birch_planks":20,"minecraft:stone_axe":1,"minecraft:air":24,"minecraft:iron_axe":1,"minecraft:stick":8,"minecraft:iron_ingot":25,"minecraft:iron_pickaxe":1,"minecraft:stone_pickaxe":1,"minecraft:stone_sword":1,"minecraft:torch":20},"minecraft:picked_up":{"minecraft:birch_log":5,"minecraft:crafting_table":4,"minecraft:chicken":2,"minecraft:clay_ball":36,"minecraft:leather":15,"paraglider:spirit_orb":3,"create:raw_zinc":11,"minecraft:oak_log":2,"simple_mobs:griffin_feather":2,"minecraft:zombie_head":1,"irons_spellbooks:iron_spell_book":1,"minecraft:bone":2,"minecraft:apple":2,"minecraft:raw_gold":4,"minecraft:stone_pickaxe":1,"habitat:slime_fern":3,"minecraft:beef":34,"minecraft:moss_block":2,"minecraft:birch_sapling":2,"minecraft:furnace":1,"minecraft:egg":2,"hexerei:animal_fat":9,"minecraft:stick":8,"minecraft:raw_iron":52,"apotheosis:gem":1,"immersive_weathering:sand_layer_block":7,"minecraft:torch":5,"untamedwilds:flora_bush_temperate":3,"minecraft:spruce_sapling":5,"minecraft:spruce_log":16,"simple_mobs:blighted_meat":1,"undead_revamp2:rawbostrox":7,"minecraft:rotten_flesh":13,"minecraft:oak_sapling":2,"minecraft:coal":62,"minecraft:skeleton_skull":1,"minecraft:bone_block":24,"minecraft:cobblestone":67},"minecraft:killed":{"simple_mobs:gryphon":1,"simple_mobs:minotaur":1,"restored_earth:lobber_zombie":1,"minecraft:zombie":9,"minecraft:chicken":2,"restored_earth:skeleton_wolf":1,"restored_earth:bouldering_zombie":1,"minecraft:cow":18},"minecraft:dropped":{"minecraft:bread":3,"minecraft:stone_axe":1,"minecraft:moss_block":2,"minecraft:stone_sword":1,"untamedwilds:flora_bush_temperate":2,"minecraft:birch_sapling":2,"habitat:slime_fern":3,"minecraft:rotten_flesh":2,"immersive_weathering:sand_layer_block":6,"simple_mobs:blighted_meat":1,"minecraft:skeleton_skull":1,"minecraft:oak_sapling":2,"irons_spellbooks:iron_spell_book":1,"minecraft:stone_pickaxe":2,"minecraft:spruce_sapling":5},"minecraft:killed_by":{"simple_mobs:dark_elemental":1,"simple_mobs:minotaur":2,"orcz:orcsavagegroupleader":2},"minecraft:broken":{"minecraft:wooden_pickaxe":1}},"DataVersion":2975}