{"stat.killEntity.Skeleton":2,"stat.walkOneCm":82464,"stat.craftItem.364":6,"stat.useItem.257":7,"achievement.openInventory":13,"stat.craftItem.5":128,"stat.leaveGame":1,"stat.mineBlock.162":28,"stat.craftItem.280":22,"stat.damageTaken":2550,"stat.mineBlock.1":5,"stat.mobKills":23,"stat.mineBlock.58":1,"stat.flyOneCm":35079,"stat.craftItem.58":1,"stat.deaths":1,"stat.mineBlock.15":2,"stat.useItem.267":67,"stat.mineBlock.18":2,"stat.drop":10,"stat.mineBlock.17":8,"stat.jump":208,"achievement.buildPickaxe":1,"stat.craftItem.257":1,"stat.playOneMinute":26413,"stat.entityKilledBy.Zombie":1,"stat.fallOneCm":3339,"achievement.buildWorkBench":1,"stat.damageDealt":4690,"achievement.buildBetterPickaxe":1,"stat.killEntity.Zombie":2,"achievement.mineWood":4,"stat.killEntity.Cow":15,"stat.killEntity.Pig":4,"achievement.exploreAllBiomes":{"value":0,"progress":["Sunflower Plains","Roofed Forest","Plains"]},"stat.mineBlock.31":15,"stat.useItem.58":1}