{"stats":{"minecraft:broken":{"minecraft:wooden_pickaxe":1},"minecraft:picked_up":{"sophisticatedbackpacks:gold_backpack":1,"minecraft:crafting_table":2,"minecraft:wheat":46,"minecraft:nether_wart":3,"croptopia:peach":18,"enemyexpansion:wasp_thorax":1,"crystalcraft_unlimited_java:crystalopedia":1,"minecraft:shield":1,"minecraft:cornflower":1,"forbidden_arcanus:xpetrified_orb":6,"minecraft:string":1,"minecraft:flint_and_steel":1,"minecraft:blue_orchid":1,"mysticalagriculture:inferium_essence":15,"minecraft:gold_nugget":20,"minecraft:beef":6,"minecraft:iron_pickaxe":1,"minecraft:coal_block":3,"minecraft:stick":5,"minecraft:raw_iron":20,"ars_nouveau:purple_archwood_log":61,"forbidden_arcanus:bat_wing":1,"crystalcraft_unlimited_java:raw_iridium":2,"mna:brazier":1,"minecraft:torch":1,"ars_nouveau:purple_archwood_sapling":10,"minecraft:porkchop":7,"vampirism:vampire_fang":1,"crystalcraft_unlimited_java:amethyst":1,"mekanism:raw_tin":1,"minecraft:rotten_flesh":1,"minecraft:arrow":9,"mna:pedestal":1,"botania:light_gray_mystical_flower":8,"malum:natural_quartz":8,"ars_nouveau:worn_notebook":1,"minecraft:warped_sign":1,"minecraft:bookshelf":1,"supplementaries:ash":1,"croptopia:elderberry":2,"ars_nouveau:sourceberry_bush":56,"minecraft:cobblestone":120,"crystalcraft_unlimited_java:ametrine":2,"minecraft:andesite":1,"croptopia:glowing_calamari":1,"minecraft:oak_log":30,"minecraft:lily_pad":2,"crystalcraft_unlimited_java:matizium":2,"malum:cthonic_gold_fragment":2,"minecraft:lantern":1,"botania:light_blue_mystical_flower":6,"naturalist:bass":1,"minecraft:red_carpet":52,"minecraft:wheat_seeds":181,"minecraft:stone_pickaxe":1,"croptopia:elderberry_seed":1,"mna:cerublossom":2,"minecraft:oak_planks":17,"minecraft:iron_sword":1,"minecraft:mossy_stone_brick_stairs":1,"iceandfire:copper_nugget":28,"malum:raw_soulstone":9,"mna:raw_vinteum":8,"patchouli:guide_book":1,"minecraft:dandelion":1,"minecraft:gravel":4,"quark:oak_chest":1,"alexsmobs:animal_dictionary":1,"minecraft:spider_eye":2,"mna:sachet_earth":1,"crystalcraft_unlimited_java:alexandrite":2,"iceandfire:lectern":1,"evilcraft:dark_gem":15,"minecraft:crossbow":1,"minecraft:bone_meal":1,"minecraft:chainmail_helmet":1,"minecraft:oak_sapling":4,"minecraft:coal":34,"iceandfire:silver_nugget":10,"iceandfire:raw_silver":3},"minecraft:killed_by":{"enemyexpansion:equestrian":1},"minecraft:mined":{"mna:brazier":1,"iceandfire:silver_ore":3,"crystalcraft_unlimited_java:ametrine_ore":2,"iceandfire:copper_pile":2,"malum:soulstone_ore":9,"iceandfire:lectern":1,"minecraft:coal_block":3,"crystalcraft_unlimited_java:amethyst_ore":1,"mna:vinteum_ore":8,"ars_nouveau:sourceberry_bush":12,"botania:light_gray_mystical_flower":4,"mysticalagriculture:inferium_ore":1,"minecraft:iron_ore":19,"evilcraft:dark_ore":3,"croptopia:peach_crop":1,"iceandfire:gold_pile":3,"minecraft:stone":64,"botania:light_blue_mystical_flower":3,"ars_nouveau:purple_archwood_log":61,"crystalcraft_unlimited_java:matizium_ore":2,"quark:oak_chest":1,"minecraft:crafting_table":1,"mna:cerublossom":1,"mekanism:tin_ore":1,"minecraft:tall_grass":19,"crystalcraft_unlimited_java:iridium_ore":2,"forbidden_arcanus:xpetrified_ore":4,"crystalcraft_unlimited_java:alexandrite_ore":2,"minecraft:wheat":4,"minecraft:grass":23,"minecraft:oak_log":20,"minecraft:coal_ore":34,"iceandfire:silver_pile":3},"minecraft:custom":{"minecraft:mob_kills":50,"minecraft:interact_with_crafting_table":4,"minecraft:open_barrel":15,"minecraft:damage_dealt_resisted":0,"minecraft:leave_game":18,"minecraft:time_since_death":1206765,"minecraft:climb_one_cm":1443,"minecraft:sprint_one_cm":376388,"minecraft:walk_one_cm":960340,"minecraft:drop":23,"minecraft:talked_to_villager":2,"minecraft:play_time":1645716,"minecraft:deaths":2,"minecraft:sneak_time":37484,"minecraft:walk_under_water_one_cm":186899,"minecraft:jump":1848,"minecraft:interact_with_blast_furnace":1,"minecraft:walk_on_water_one_cm":123904,"minecraft:total_world_time":1645716,"minecraft:interact_with_furnace":7,"minecraft:interact_with_loom":2,"minecraft:time_since_rest":1206835,"minecraft:damage_taken":558,"minecraft:damage_dealt":5870,"minecraft:swim_one_cm":4981,"minecraft:fly_one_cm":3725495,"minecraft:open_chest":27,"minecraft:crouch_one_cm":41279,"minecraft:fall_one_cm":20644},"minecraft:used":{"iceandfire:lectern":1,"minecraft:oak_trapdoor":14,"minecraft:netherite_sword":24,"minecraft:flint_and_steel":2,"minecraft:enchanting_table":1,"minecraft:armor_stand":4,"minecraft:spruce_slab":131,"minecraft:chest":434,"minecraft:spruce_planks":2262,"minecraft:iron_sword":41,"minecraft:stone":2742,"minecraft:nether_wart":27,"minecraft:bubble_coral":5,"minecraft:mossy_stone_brick_slab":32,"minecraft:farmland":89,"minecraft:tube_coral":8,"minecraft:torch":1,"minecraft:soul_sand":46,"minecraft:brewing_stand":18,"minecraft:dirt":50,"minecraft:anvil":16,"create:redstone_contact":1,"minecraft:spruce_stairs":1139,"minecraft:axolotl_bucket":2,"minecraft:spruce_fence":28,"minecraft:stripped_spruce_log":2054,"minecraft:obsidian":19,"minecraft:glass":5,"minecraft:stone_brick_slab":366,"minecraft:bookshelf":237,"minecraft:red_wool":150,"minecraft:lantern":69,"minecraft:grass_block":455,"minecraft:spruce_button":8,"draconicevolution:chaotic_sword":1,"connectedglass:borderless_glass":50,"minecraft:stone_brick_stairs":750,"minecraft:barrel":148,"minecraft:stone_bricks":747,"minecraft:glowstone":137,"minecraft:red_carpet":243,"croptopia:peach":13,"minecraft:horn_coral":2,"quark:andesite_bricks":222,"minecraft:oak_sapling":2,"minecraft:furnace":24,"minecraft:turtle_egg":6,"minecraft:wheat_seeds":4,"minecraft:water_bucket":202,"minecraft:mossy_stone_bricks":425,"crystalcraft_unlimited_java:adamantite_sword":23,"minecraft:stone_pickaxe":31,"mysticalagriculture:inferium_furnace":3,"minecraft:wooden_pickaxe":59,"minecraft:mossy_stone_brick_stairs":50,"minecraft:composter":13,"minecraft:cauldron":6,"minecraft:spruce_fence_gate":18,"minecraft:oak_leaves":3,"minecraft:glow_item_frame":18,"minecraft:brain_coral":8,"elevatorid:elevator_white":3,"minecraft:loom":32,"minecraft:crafting_table":7,"minecraft:red_bed":3,"minecraft:light_blue_wool":35,"minecraft:blast_furnace":96,"minecraft:sponge":1,"crystalcraft_unlimited_java:adamantite_and_mythril_axe":1,"minecraft:fire_coral":5,"minecraft:stone_brick_wall":70,"minecraft:spruce_log":38,"minecraft:smoker":8,"minecraft:flower_pot":3,"quark:blackstone_furnace":1,"minecraft:iron_pickaxe":87,"minecraft:spruce_trapdoor":1509,"minecraft:flowering_azalea_leaves":29,"minecraft:cobblestone":5,"minecraft:potion":43,"minecraft:azalea_leaves":2,"crystalcraft_unlimited_java:riaritidesutoroiyapurizumu":5,"minecraft:andesite":14,"minecraft:chain":64,"quark:oak_chest":8,"alexsmobs:animal_dictionary":1,"minecraft:sea_pickle":110,"minecraft:kelp":4,"minecraft:dandelion":1,"minecraft:splash_potion":8,"minecraft:bone_meal":62},"minecraft:dropped":{"minecraft:wheat_seeds":104,"minecraft:bookshelf":1,"mna:cerublossom":1,"minecraft:mossy_stone_brick_stairs":1,"minecraft:spruce_button":1,"minecraft:grass_block":1,"sophisticatedbackpacks:gold_backpack":1,"botania:light_blue_mystical_flower":3,"iceandfire:copper_nugget":28,"minecraft:potion":1,"minecraft:gold_nugget":8,"minecraft:bone_meal":1,"minecraft:stone_brick_slab":1,"croptopia:elderberry":2,"minecraft:rotten_flesh":1,"minecraft:warped_sign":1,"minecraft:flint_and_steel":1,"supplementaries:ash":1,"mysticalagriculture:inferium_essence":6,"minecraft:flowering_azalea_leaves":1},"minecraft:crafted":{"minecraft:oak_planks":72,"minecraft:coal":27,"minecraft:stone_pickaxe":1,"minecraft:crafting_table":1,"minecraft:wooden_pickaxe":1,"minecraft:stick":4,"quark:oak_chest":7,"minecraft:torch":16},"minecraft:killed":{"vampirism:vampire":1,"enemyexpansion:intruder":1,"minecraft:spider":2,"minecraft:tadpole":11,"mna:spell_breaker":1,"minecraft:pig":3,"mna:witch_hunter":1,"minecraft:frog":27,"minecraft:cow":2}},"DataVersion":3465}