{"stats":{"minecraft:custom":{"minecraft:jump":28,"minecraft:time_since_rest":11313,"minecraft:sprint_one_cm":3061,"minecraft:leave_game":1,"minecraft:play_time":11313,"minecraft:time_since_death":11313,"minecraft:walk_one_cm":11375,"minecraft:total_world_time":11313,"minecraft:fall_one_cm":209,"minecraft:fly_one_cm":2297},"minecraft:picked_up":{"minecraft:birch_log":5,"paraglider:spirit_orb":1,"minecraft:stick":8,"minecraft:oak_log":2,"minecraft:apple":2,"minecraft:oak_sapling":2,"minecraft:birch_sapling":2},"minecraft:mined":{"minecraft:oak_log":2,"minecraft:birch_leaves":5,"treechop:chopped_log":1,"minecraft:oak_leaves":5,"minecraft:dirt":1}},"DataVersion":2975}