{"stats":{"minecraft:crafted":{"minecraft:oak_planks":24,"minecraft:crafting_table":1,"minecraft:wooden_pickaxe":1,"minecraft:stone_pickaxe":1},"minecraft:custom":{"minecraft:time_since_rest":4358,"minecraft:sprint_one_cm":46291,"minecraft:damage_taken":458,"minecraft:walk_one_cm":25463,"minecraft:damage_dealt":48,"minecraft:swim_one_cm":3454,"minecraft:interact_with_crafting_table":2,"minecraft:fly_one_cm":58470,"minecraft:crouch_one_cm":114,"minecraft:play_time":17464,"minecraft:deaths":1,"minecraft:sneak_time":30,"minecraft:walk_under_water_one_cm":1755,"minecraft:jump":224,"minecraft:walk_on_water_one_cm":2463,"minecraft:time_since_death":4326,"minecraft:climb_one_cm":123,"minecraft:total_world_time":17464,"minecraft:fall_one_cm":6630},"minecraft:killed_by":{"enemyexpansion:equestrian":1},"minecraft:mined":{"iceandfire:silver_ore":1,"minecraft:iron_ore":1,"croptopia:peach_crop":1,"minecraft:crafting_table":1,"minecraft:oak_log":18,"mna:cerublossom":1,"mekanism:tin_ore":1,"minecraft:stone":59,"ars_nouveau:sourceberry_bush":12,"botania:light_blue_mystical_flower":3,"botania:light_gray_mystical_flower":4,"mysticalagriculture:inferium_ore":1},"minecraft:used":{"minecraft:stone_pickaxe":16,"minecraft:wooden_pickaxe":59,"croptopia:peach":13,"minecraft:cobblestone":5,"minecraft:crafting_table":1,"minecraft:oak_sapling":2,"minecraft:andesite":1,"alexsmobs:animal_dictionary":1,"minecraft:dandelion":1},"minecraft:picked_up":{"minecraft:crafting_table":2,"minecraft:stick":4,"minecraft:raw_iron":2,"croptopia:peach":18,"minecraft:andesite":1,"patchouli:guide_book":1,"minecraft:dandelion":1,"crystalcraft_unlimited_java:crystalopedia":1,"minecraft:oak_log":30,"mekanism:raw_tin":1,"alexsmobs:animal_dictionary":1,"botania:light_blue_mystical_flower":6,"minecraft:rotten_flesh":1,"botania:light_gray_mystical_flower":8,"mysticalagriculture:inferium_essence":3,"ars_nouveau:worn_notebook":1,"minecraft:stone_pickaxe":1,"supplementaries:ash":1,"ars_nouveau:sourceberry_bush":56,"minecraft:oak_sapling":4,"mna:cerublossom":2,"minecraft:oak_planks":17,"iceandfire:raw_silver":1,"minecraft:cobblestone":115},"minecraft:broken":{"minecraft:wooden_pickaxe":1}},"DataVersion":3465}