{"stats":{"minecraft:custom":{"minecraft:time_since_rest":39479,"champions:champion_mobs_killed":3,"minecraft:sprint_one_cm":157299,"minecraft:damage_taken":927,"minecraft:walk_one_cm":911123,"minecraft:mob_kills":22,"minecraft:drop":6,"minecraft:damage_dealt":1495,"minecraft:swim_one_cm":2130,"minecraft:damage_dealt_absorbed":20,"minecraft:interact_with_crafting_table":4,"minecraft:fly_one_cm":94849,"minecraft:open_chest":3,"minecraft:crouch_one_cm":3002,"minecraft:play_time":175946,"minecraft:deaths":3,"minecraft:sneak_time":524,"minecraft:walk_under_water_one_cm":11657,"minecraft:jump":524,"minecraft:leave_game":3,"minecraft:time_since_death":39444,"minecraft:walk_on_water_one_cm":10035,"minecraft:climb_one_cm":2832,"minecraft:total_world_time":175946,"minecraft:fall_one_cm":6491},"minecraft:mined":{"minecraft:iron_ore":11,"minecraft:birch_leaves":6,"treechop:chopped_log":2,"minecraft:crafting_table":2,"minecraft:oak_log":2,"minecraft:grass_block":2,"minecraft:coal_ore":5,"minecraft:dirt":1,"minecraft:tall_grass":1,"minecraft:stone":50,"minecraft:oak_leaves":7,"immersive_weathering:moss":3},"minecraft:used":{"minecraft:stone_sword":33,"minecraft:apple":2,"minecraft:bread":3,"minecraft:stone_pickaxe":24,"minecraft:wooden_pickaxe":53,"minecraft:stone_axe":12,"minecraft:cobblestone":1,"minecraft:crafting_table":3,"untamedwilds:flora_bush_temperate":1},"minecraft:crafted":{"minecraft:oak_planks":8,"minecraft:crafting_table":2,"minecraft:stick":8,"minecraft:wooden_pickaxe":1,"minecraft:stone_pickaxe":1,"minecraft:stone_sword":1,"minecraft:furnace":1,"minecraft:torch":20,"minecraft:birch_planks":20,"minecraft:stone_axe":1},"minecraft:picked_up":{"minecraft:birch_log":5,"hexerei:animal_fat":9,"minecraft:raw_iron":9,"minecraft:stick":8,"minecraft:crafting_table":2,"immersive_weathering:sand_layer_block":1,"minecraft:chicken":2,"minecraft:leather":15,"untamedwilds:flora_bush_temperate":3,"paraglider:spirit_orb":3,"minecraft:oak_log":2,"minecraft:spruce_sapling":5,"simple_mobs:griffin_feather":2,"minecraft:spruce_log":16,"minecraft:bone":2,"irons_spellbooks:iron_spell_book":1,"minecraft:rotten_flesh":2,"minecraft:apple":2,"minecraft:beef":34,"minecraft:oak_sapling":2,"minecraft:birch_sapling":2,"minecraft:coal":5,"minecraft:cobblestone":50,"minecraft:egg":2},"minecraft:killed":{"simple_mobs:gryphon":1,"minecraft:zombie":1,"minecraft:chicken":2,"restored_earth:skeleton_wolf":1,"minecraft:cow":18},"minecraft:dropped":{"minecraft:bread":3,"untamedwilds:flora_bush_temperate":2,"irons_spellbooks:iron_spell_book":1},"minecraft:killed_by":{"orcz:orcsavagegroupleader":2},"minecraft:broken":{"minecraft:wooden_pickaxe":1}},"DataVersion":2975}