{"stats":{"minecraft:used":{"alexsmobs:animal_dictionary":1},"minecraft:custom":{"minecraft:jump":63,"minecraft:open_chest":2,"minecraft:time_since_rest":4965,"minecraft:crouch_one_cm":85,"minecraft:sprint_one_cm":14093,"minecraft:play_time":4965,"minecraft:damage_taken":20,"minecraft:time_since_death":4965,"minecraft:walk_one_cm":14148,"minecraft:sneak_time":79,"minecraft:total_world_time":4965,"minecraft:talked_to_villager":3,"minecraft:fall_one_cm":2839,"minecraft:fly_one_cm":38022}},"DataVersion":3465}