{"stat.useItem.minecraft.bow":12,"stat.drop.minecraft.gunpowder":3,"stat.pickup.harvestcraft.snapperrawitem":1,"stat.pickup.harvestcraft.huckleberryitem":4,"stat.pickup.ebwizardry.spell_book":10,"stat.mineBlock.minecraft.web":231,"stat.pickup.harvestcraft.sardinerawitem":1,"stat.pickup.minecraft.rotten_flesh":154,"stat.pickup.byg.azalea":10,"stat.pickup.harvestcraft.catfishrawitem":2,"stat.drop.minecraft.leather_boots":1,"stat.useItem.harvestcraft.glazedcarrotsitem":10,"stat.pickup.minecraft.cobblestone_wall":31,"stat.pickup.minecraft.bucket":2,"stat.useItem.harvestcraft.bananaitem":2,"stat.killEntity.Enderman":5,"stat.pickup.byg.pinelog":23,"stat.pickup.thaumcraft.nitor_yellow":1,"stat.pickup.harvestcraft.mortarandpestleitem":1,"stat.craftItem.harvestcraft.patreonpieitem":8,"stat.pickup.harvestcraft.scallionitem":26,"stat.craftItem.create.scrumptious_item":6,"stat.craftItem.forbidden_arcanus.bottle_block":1,"stat.craftItem.harvestcraft.toastitem":33,"stat.pickup.mekanismtools.glowstoneaxe":1,"stat.pickup.minecraft.double_plant":12,"stat.pickup.appliedenergistics2.sky_stone_block":71,"stat.pickup.create.ore":5,"stat.pickup.mekanismtools.glowstoneboots":1,"stat.pickup.artifacts.feral_claws":1,"stat.furnaceInteraction":138,"stat.drop.cyclicmagic.block_fragile_weak":2,"stat.craftItem.harvestcraft.applepieitem":5,"stat.pickup.harvestcraft.cornitem":75,"stat.pickup.minecraft.nether_brick":7,"stat.entityKilledBy.WitherSkeleton":2,"stat.drop.better_diving.creepvine":2,"stat.useItem.minecraft.fence":30,"stat.drop.additionallanterns.andesite_lantern":1,"stat.useItem.harvestcraft.applejuiceitem":5,"stat.craftItem.thaumcraft.plank_silverwood":28,"stat.mineBlock.minecraft.fence":2,"stat.craftItem.ebwizardry.magic_wand":1,"stat.useItem.minecraft.wheat_seeds":7,"stat.pickup.thaumcraft.crystal_essence":330,"stat.killEntity.Husk":5,"stat.pickup.minecraft.emerald":75,"stat.craftItem.harvestcraft.baconpancakesitem":6,"stat.craftItem.additionallanterns.andesite_lantern":36,"stat.deaths":105,"stat.pickup.minecraft.egg":11,"stat.craftItem.minecraft.item_frame":3,"stat.pickup.minecraft.glass_pane":64,"stat.fishCaught":6,"stat.pickup.minecraft.cooked_mutton":6,"stat.chestOpened":470,"stat.pickup.harvestcraft.cherry_sapling":1,"stat.pickup.thaumcraft.log_silverwood":51,"stat.pickup.minecraft.iron_sword":1,"stat.mineBlock.create.ore":5,"stat.pickup.minecraft.gold_nugget":8,"stat.drop.slm.stripped_spruce_log":1,"stat.pickup.minecraft.carrot":209,"stat.crouchOneCm":10556,"stat.mineBlock.thaumcraft.plank_silverwood":5,"stat.craftItem.minecraft.iron_ingot":333,"stat.pickup.mekanismtools.glowstoneleggings":1,"stat.craftingTableInteraction":58,"stat.mineBlock.byg.purplecelosia":8,"stat.pickup.byg.winter_succulent":3,"stat.useItem.futuremc.sweet_berries":27,"stat.pickup.ebwizardry.identification_scroll":1,"stat.pickup.minecraft.dye":51,"stat.pickup.minecraft.planks":103,"stat.drop.artifacts.night_vision_goggles":1,"stat.craftItem.harvestcraft.caramelitem":7,"stat.mineBlock.create.stone":6,"stat.craftItem.harvestcraft.marshmellowsitem":10,"stat.flowerPotted":2,"stat.drop.minecraft.rotten_flesh":1,"stat.mineBlock.thaumcraft.crystal_aer":24,"stat.pickup.harvestcraft.peasitem":3,"stat.pickup.cyclicmagic.sprout_seed":2,"stat.pickup.harvestcraft.eelrawitem":2,"stat.pickup.ironfurnaces.obsidian_furnace_idle":3,"stat.mineBlock.thaumcraft.crystal_terra":15,"stat.useItem.byg.whiteanemone":1,"stat.drop.minecraft.gold_nugget":8,"stat.mineBlock.byg.azalea":5,"stat.craftItem.minecraft.bucket":3,"stat.craftItem.minecraft.planks":304,"stat.useItem.cyclicmagic.emerald_axe":338,"stat.craftItem.minecraft.fishing_rod":1,"stat.pickup.minecraft.book":119,"stat.pickup.mekanismtools.glowstonesword":1,"stat.useItem.carryon.entity_item":10,"stat.useItem.harvestcraft.elderberryitem":4,"stat.killEntity.BabySkeleton":14,"stat.pickup.byg.crocus":11,"stat.mineBlock.byg.pineleaves":388,"stat.drop.byg.delphinium":1,"stat.pickup.minecraft.cooked_fish":1,"stat.craftItem.harvestcraft.saucepanitem":1,"stat.craftItem.cyclicmagic.emerald_hoe":1,"stat.mineBlock.minecraft.cobblestone":35,"stat.pickup.minecraft.leather_chestplate":4,"stat.pickup.minecraft.flower_pot":2,"stat.pickup.harvestcraft.market":1,"stat.drop.minecraft.cobblestone":2,"stat.pickup.minecraft.iron_boots":1,"stat.craftItem.minecraft.furnace":9,"stat.mineBlock.mekanism.transmitter":1,"stat.useItem.byg.purplecelosia":1,"stat.useItem.harvestcraft.pineappleseeditem":1,"stat.mineBlock.minecraft.clay":133,"stat.pickup.minecraft.diamond_leggings":1,"stat.craftItem.harvestcraft.carrotcakeitem":1,"stat.drop.minecraft.spider_eye":1,"stat.craftItem.harvestcraft.shippingbin":1,"stat.craftItem.minecraft.iron_block":4,"stat.craftItem.minecraft.stonebrick":64,"stat.craftItem.harvestcraft.applejellysandwichitem":8,"stat.mineBlock.cookingforblockheads.cow_jar":1,"stat.killEntity.Creeper":9,"stat.pickup.minecraft.wooden_sword":5,"stat.useItem.harvestcraft.footlongitem":3,"stat.entityKilledBy.Skeleton":14,"stat.killEntity.Squid":8,"stat.sprintOneCm":2520309,"stat.craftItem.cookingforblockheads.fridge":2,"stat.craftItem.harvestcraft.glazedcarrotsitem":20,"stat.useItem.carryon.tile_item":2,"stat.drop.ebwizardry.wizard_handbook":1,"stat.pickup.forbidden_arcanus.bottle_block":2,"stat.pickup.minecraft.leather_leggings":4,"stat.pickup.harvestcraft.mustardseedsitem":53,"stat.pickup.harvestcraft.flaxitem":74,"stat.pickup.harvestcraft.cassavaitem":14,"stat.pickup.ebwizardry.ruined_spell_book":4,"stat.craftItem.harvestcraft.cheesecakeitem":1,"stat.useItem.ebwizardry.oak_bookshelf":12,"stat.pickup.create.stone":3,"stat.pickup.minecraft.iron_block":1,"stat.killEntity.Zombie":119,"stat.craftItem.minecraft.dye":208,"stat.mineBlock.minecraft.gold_ore":46,"stat.drop.minecraft.diamond_pickaxe":1,"stat.pickup.minecraft.wheat":165,"stat.craftItem.harvestcraft.friedeggitem":31,"stat.pickup.byg.redcornflower":4,"stat.mineBlock.forbidden_arcanus.bottle_block":2,"stat.craftItem.cookingforblockheads.cooking_table":1,"stat.useItem.harvestcraft.dragonfruititem":1,"stat.pickup.minecraft.obsidian":111,"stat.pickup.harvestcraft.ryeitem":2,"stat.craftItem.harvestcraft.applejuiceitem":5,"stat.pickup.cyclicmagic.crafting_food":1,"stat.useItem.byg.soapstone":1,"stat.pickup.harvestcraft.bananaitem":28,"stat.pickup.minecraft.coal":492,"stat.pickup.minecraft.iron_ingot":56,"stat.pickup.minecraft.gunpowder":20,"stat.pickup.minecraft.dirt":191,"stat.craftItem.harvestcraft.creamcookieitem":5,"stat.pickup.harvestcraft.walleyerawitem":2,"stat.pickup.minecraft.red_sandstone":3,"stat.pickup.minecraft.written_book":1,"stat.mineBlock.minecraft.red_flower":2,"stat.mineBlock.minecraft.torch":15,"stat.mineBlock.minecraft.fence_gate":1,"stat.useItem.harvestcraft.onionitem":3,"stat.killEntity.peeper":1,"stat.pickup.minecraft.diamond_pickaxe":1,"stat.craftItem.harvestcraft.butteritem":63,"stat.craftItem.harvestcraft.flouritem":126,"stat.useItem.minecraft.lava_bucket":4,"stat.useItem.cookingforblockheads.cabinet":4,"stat.craftItem.cookingforblockheads.milk_jar":1,"stat.mineBlock.harvestcraft.market":1,"stat.pickup.harvestcraft.spiceleafitem":22,"stat.useItem.byg.purplesage":1,"stat.pickup.cookingforblockheads.cow_jar":1,"stat.useItem.harvestcraft.parsnipitem":3,"stat.mineBlock.byg.soapstone":7,"stat.pickup.cyclicmagic.glove_climb":1,"stat.pickup.cookingforblockheads.corner":2,"stat.mobKills":400,"stat.craftItem.harvestcraft.garlicbreaditem":4,"stat.craftItem.cookingforblockheads.corner":2,"stat.mineBlock.minecraft.bookshelf":36,"stat.drop.botania.lexicon":1,"stat.pickup.minecraft.diamond":18,"stat.pickup.minecraft.beetroot_seeds":139,"stat.pickup.harvestcraft.raspberryitem":1,"stat.pickup.thaumcraft.brain":22,"stat.pickup.harvestcraft.beetitem":2,"stat.pickup.ebwizardry.wizard_boots_fire":1,"stat.mineBlock.ebwizardry.crystal_flower":6,"stat.killEntity.Blaze":2,"stat.mineBlock.ebwizardry.oak_bookshelf":14,"stat.craftItem.byg.rockystone":4,"stat.mineBlock.additionallanterns.andesite_lantern":3,"stat.mineBlock.minecraft.red_mushroom":5,"stat.pickup.harvestcraft.sweetpotatoitem":19,"stat.pickup.cyclicmagic.emerald_chestplate":1,"stat.craftItem.harvestcraft.creepercookieitem":2,"stat.pickup.artifacts.power_glove":1,"stat.pickup.minecraft.chainmail_chestplate":1,"stat.mineBlock.minecraft.sand":131,"stat.useItem.minecraft.fence_gate":1,"stat.pickup.mekanismgenerators.generator":1,"stat.trappedChestTriggered":112,"stat.useItem.byg.crocus":1,"stat.craftItem.harvestcraft.peanutbutterbananasandwichitem":6,"stat.pickup.bhc.red_heart":24,"stat.useItem.byg.angelica":1,"stat.pickup.artifacts.night_vision_goggles":3,"stat.mineBlock.byg.wildstrawberry":17,"stat.useItem.minecraft.cooked_mutton":17,"stat.mineBlock.harvestcraft.windygarden":83,"stat.craftItem.harvestcraft.cottonitem":1,"stat.mineBlock.byg.whitesage":27,"stat.pickup.futuremc.lily_of_the_valley":58,"stat.craftItem.minecraft.fence_gate":2,"stat.pickup.thaumcraft.nugget":2,"stat.mineBlock.byg.pinelog":23,"stat.mineBlock.connectedglass.borderless_glass":1,"stat.pickup.harvestcraft.cottonitem":24,"stat.pickup.harvestcraft.vanillabeanitem":15,"stat.useItem.harvestcraft.peanutbutterbananasandwichitem":3,"stat.mineBlock.ebwizardry.receptacle":2,"stat.pickup.cookingforblockheads.milk_jar":1,"stat.useItem.harvestcraft.chilipepperitem":3,"stat.pickup.harvestcraft.caulifloweritem":3,"stat.pickup.byg.orangedaisy":57,"stat.pickup.harvestcraft.greenheartfishitem":3,"stat.pickup.minecraft.iron_leggings":8,"stat.mineBlock.cookingforblockheads.toaster":1,"stat.drop.harvestcraft.patreonpieitem":1,"stat.useItem.minecraft.wool":1,"stat.useItem.harvestcraft.cherryitem":1,"stat.pickup.mekanism.ingot":52,"stat.useItem.minecraft.torch":135,"stat.pickup.minecraft.golden_apple":2,"stat.pickup.minecraft.iron_nugget":7,"stat.pickup.minecraft.crafting_table":1,"stat.craftItem.minecraft.crafting_table":2,"stat.mineBlock.ebwizardry.crystal_ore":1,"stat.pickup.harvestcraft.cottonseeditem":4,"stat.useItem.harvestcraft.nutellaitem":2,"stat.craftItem.harvestcraft.bakewareitem":1,"stat.drop.minecraft.planks":4,"stat.pickup.minecraft.sapling":20,"stat.mineBlock.harvestcraft.shippingbin":1,"stat.drop.minecraft.bow":1,"stat.pickup.minecraft.beetroot":26,"stat.pickup.harvestcraft.parsnipitem":64,"stat.craftItem.harvestcraft.freshmilkitem":74,"stat.killEntity.WitherSkeleton":5,"stat.mineBlock.mekanism.machineblock":2,"stat.drop.bhc.red_heart":1,"stat.craftItem.minecraft.sugar":142,"stat.pickup.harvestcraft.juteitem":18,"stat.craftItem.harvestcraft.apiary":1,"stat.pickup.harvestcraft.tealeafitem":30,"stat.pickup.minecraft.stone_slab":2,"stat.pickup.minecraft.yellow_flower":3,"stat.pickup.cyclicmagic.block_fragile_weak":2,"stat.useItem.minecraft.fishing_rod":31,"stat.pickup.minecraft.bone":134,"stat.pickup.byg.whiteanemone":7,"stat.useItem.harvestcraft.baconpancakesitem":6,"stat.mineBlock.byg.crocus":6,"stat.pickup.harvestcraft.artichokeitem":76,"stat.climbOneCm":16,"stat.pickup.minecraft.golden_helmet":2,"stat.pickup.minecraft.anvil":2,"stat.mineBlock.harvestcraft.apple_sapling":1,"stat.pickup.minecraft.cobblestone":1181,"stat.useItem.harvestcraft.whitemushroomitem":11,"stat.useItem.minecraft.cooked_beef":3,"stat.pickup.minecraft.cactus":10,"stat.pickup.minecraft.redstone":614,"stat.useItem.mekanism.transmitter":45,"stat.mineBlock.minecraft.iron_ore":426,"stat.pickup.rechiseled.cobblestone_large_squares":64,"stat.useItem.harvestcraft.peanutitem":3,"stat.useItem.harvestcraft.cornitem":3,"stat.useItem.byg.whitesage":1,"stat.drop.minecraft.dirt":3,"stat.pickup.mekanism.salt":208,"stat.pickup.minecraft.iron_shovel":2,"stat.pickup.minecraft.carpet":6,"stat.pickup.ebwizardry.smoke_bomb":3,"stat.mineBlock.minecraft.grass":176,"stat.pickup.mekanismtools.glowstonehelmet":1,"stat.pickup.minecraft.sandstone_stairs":3,"stat.useItem.byg.strawberrypie":1,"stat.craftItem.minecraft.stick":140,"stat.craftItem.harvestcraft.salmonpattiesitem":2,"stat.useItem.harvestcraft.applesauceitem":1,"stat.craftItem.minecraft.gold_nugget":18,"stat.pickup.thaumcraft.plank_silverwood":5,"stat.pickup.harvestcraft.barleyitem":82,"stat.mineBlock.byg.delphinium":32,"stat.entityKilledBy.Creeper":5,"stat.pickup.botania.flower":3,"stat.mineBlock.cookingforblockheads.spice_rack":8,"stat.mineBlock.minecraft.planks":9,"stat.craftItem.create.ingredient":5,"stat.drop":78,"stat.pickup.mekanismtools.glowstonechestplate":1,"stat.killEntity.Sheep":13,"stat.pickup.minecraft.golden_chestplate":2,"stat.useItem.cyclicmagic.emerald_hoe":82,"stat.pickup.harvestcraft.garlicitem":20,"stat.craftItem.harvestcraft.mayoitem":3,"stat.useItem.minecraft.quartz_stairs":2,"stat.mineBlock.minecraft.anvil":1,"stat.useItem.minecraft.apple":1,"stat.useItem.minecraft.carpet":12,"stat.pickup.harvestcraft.dragonfruititem":12,"stat.useItem.minecraft.potion":2,"stat.craftItem.harvestcraft.cuttingboarditem":1,"stat.pickup.harvestcraft.blackberryitem":18,"stat.useItem.minecraft.flower_pot":2,"stat.pickup.minecraft.fence":2,"stat.useItem.minecraft.stone_axe":66,"stat.pickup.ebwizardry.poison_bomb":1,"stat.mineBlock.harvestcraft.shadedgarden":121,"stat.useItem.better_diving.peeper":1,"stat.pickup.byg.scoria":6,"stat.drop.harvestcraft.bananaitem":2,"stat.pickup.harvestcraft.bellpepperitem":98,"stat.drop.minecraft.glass":65,"stat.craftItem.cookingforblockheads.recipe_book":2,"stat.craftItem.harvestcraft.cherrycheesecakeitem":1,"stat.useItem.harvestcraft.mustardseedsitem":2,"stat.killEntity.CaveSpider":5,"stat.craftItem.harvestcraft.doughitem":102,"stat.damageDealt":62039,"stat.craftItem.minecraft.anvil":1,"stat.pickup.minecraft.end_bricks":2,"stat.pickup.harvestcraft.elderberryitem":95,"stat.craftItem.harvestcraft.chocolatebaritem":8,"stat.useItem.cookingforblockheads.fridge":1,"stat.useItem.cookingforblockheads.tool_rack":1,"stat.pickup.minecraft.stick":41,"stat.pickup.mekanism.oreblock":184,"stat.pickup.harvestcraft.cabbageitem":2,"stat.craftItem.harvestcraft.mortarandpestleitem":1,"stat.craftItem.mekanismgenerators.generator":6,"stat.mineBlock.byg.salal_bush_ripe":4,"stat.pickup.harvestcraft.zucchiniitem":25,"stat.mineBlock.thaumcraft.crystal_ignis":10,"stat.pickup.cyclicmagic.charm_antidote":1,"stat.mineBlock.harvestcraft.banana_sapling":1,"stat.pickup.ebwizardry.ethereal_crystalweave":1,"stat.pickup.ebwizardry.wizard_handbook":1,"stat.craftItem.minecraft.fence":30,"stat.entityKilledBy.Husk":1,"stat.useItem.minecraft.golden_apple":2,"stat.mineBlock.minecraft.leaves":237,"stat.craftItem.harvestcraft.groundnutmegitem":9,"stat.craftItem.harvestcraft.surfandturfitem":2,"stat.pickup.minecraft.wooden_slab":1,"stat.leaveGame":156,"stat.useItem.harvestcraft.amaranthitem":3,"stat.mineBlock.byg.winter_succulent":2,"stat.pickup.harvestcraft.pineappleitem":10,"stat.mineBlock.minecraft.sandstone":4,"stat.pickup.ebwizardry.purifying_elixir":1,"stat.craftItem.minecraft.stone_pressure_plate":1,"stat.pickup.harvestcraft.calamarirawitem":24,"stat.mineBlock.minecraft.red_sandstone":6,"stat.craftItem.cookingforblockheads.tool_rack":2,"stat.pickup.minecraft.brick_block":144,"stat.craftItem.futuremc.campfire":1,"stat.pickup.minecraft.leather_boots":2,"stat.pickup.byg.salal_berry":8,"stat.entityKilledBy.artifacts.mimic":6,"stat.pickup.harvestcraft.radishitem":23,"stat.useItem.harvestcraft.monsterfrieddumplingsitem":3,"stat.killEntity.Witch":3,"stat.craftItem.cookingforblockheads.counter":6,"stat.craftItem.minecraft.iron_door":3,"stat.mineBlock.minecraft.brick_block":72,"stat.pickup.harvestcraft.rhubarbitem":26,"stat.useItem.ebwizardry.magic_wand":2,"stat.craftItem.minecraft.bed":1,"stat.craftItem.harvestcraft.skilletitem":1,"stat.craftItem.harvestcraft.blackberrycobbleritem":8,"stat.pickup.harvestcraft.onionitem":74,"stat.craftItem.mekanism.configurator":1,"stat.craftItem.harvestcraft.applejellyitem":8,"stat.pickup.harvestcraft.cherryitem":49,"stat.mineBlock.botania.flower":1,"stat.pickup.byg.whitesage":53,"stat.craftItem.harvestcraft.cocoapowderitem":22,"stat.killEntity.ZombieVillager":6,"stat.craftItem.connectedglass.borderless_glass_pane":4,"stat.pickup.harvestcraft.grouperrawitem":1,"stat.pickup.minecraft.beef":5,"stat.pickup.minecraft.leather_helmet":2,"stat.entityKilledBy.BabySkeleton":6,"stat.mineBlock.minecraft.stained_hardened_clay":1,"stat.mineBlock.ironfurnaces.obsidian_furnace_idle":3,"stat.useItem.minecraft.dye":203,"stat.craftItem.byg.palm_planks":48,"stat.craftItem.harvestcraft.oliveoilitem":17,"stat.drop.minecraft.glass_bottle":2,"stat.mineBlock.minecraft.tallgrass":389,"stat.pickup.cyclicmagic.charm_fire":1,"stat.pickup.mekanism.transmitter":1,"stat.useItem.minecraft.stone":4,"stat.pickup.minecraft.arrow":112,"stat.craftItem.mekanism.machineblock":3,"stat.useItem.byg.cookedcarrot":64,"stat.craftItem.byg.pineplanks":12,"stat.pickup.harvestcraft.chilipepperitem":77,"stat.drop.minecraft.iron_pickaxe":1,"stat.pickup.slm.stripped_spruce_log":173,"stat.mineBlock.minecraft.chest":12,"stat.mineBlock.futuremc.lily_of_the_valley":29,"stat.craftItem.minecraft.hopper":1,"stat.pickup.harvestcraft.agaveitem":11,"stat.mineBlock.byg.minicactus":1,"stat.pickup.byg.sonorancactus":29,"stat.useItem.harvestcraft.lettuceitem":3,"stat.pickup.minecraft.wheat_seeds":538,"stat.pickup.byg.angelica":19,"stat.craftItem.ebwizardry.wizard_handbook":1,"stat.mineBlock.minecraft.dirt":13,"stat.mineBlock.mekanism.saltblock":53,"stat.useItem.minecraft.cobblestone":7,"stat.pickup.byg.strawberry":34,"stat.mineBlock.byg.orangedaisy":24,"stat.mineBlock.minecraft.double_plant":15,"stat.useItem.harvestcraft.greenheartfishitem":1,"stat.useItem.rechiseled.cobblestone_large_squares":28,"stat.pickup.minecraft.iron_pickaxe":3,"stat.craftItem.minecraft.gold_ingot":40,"stat.pickup.minecraft.apple":29,"stat.useItem.minecraft.fireworks":30,"stat.drop.thaumcraft.nugget":1,"stat.useItem.byg.pinesapling":8,"stat.pickup.harvestcraft.banana_sapling":2,"stat.itemEnchanted":2,"stat.useItem.harvestcraft.artichokeitem":3,"stat.mineBlock.minecraft.log":43,"stat.pickup.harvestcraft.sisalitem":13,"stat.pickup.cookingforblockheads.toaster":1,"stat.craftItem.minecraft.paper":27,"stat.pickup.harvestcraft.dragonfruit_sapling":1,"stat.pickup.minecraft.red_flower":2,"stat.pickup.minecraft.wool":55,"stat.mineBlock.byg.purplesage":19,"stat.cakeSlicesEaten":3,"stat.mineBlock.byg.redcornflower":3,"stat.useItem.cyclicmagic.emerald_sword":674,"stat.mineBlock.byg.whiteanemone":4,"stat.mineBlock.minecraft.yellow_flower":3,"stat.useItem.slm.stripped_spruce_log":2,"stat.mineBlock.appliedenergistics2.quartz_ore":7,"stat.pickup.harvestcraft.pineappleseeditem":2,"stat.pickup.harvestcraft.cactusfruititem":12,"stat.useItem.harvestcraft.tomatoitem":3,"stat.craftItem.connectedglass.borderless_glass":116,"stat.pickup.minecraft.bow":9,"stat.useItem.harvestcraft.wintersquashitem":5,"stat.mineBlock.byg.palm_log":24,"stat.mineBlock.minecraft.obsidian":112,"stat.pickup.futuremc.sweet_berries":55,"stat.craftItem.harvestcraft.applesauceitem":1,"stat.flyOneCm":1771154,"stat.useItem.byg.orangedaisy":1,"stat.pickup.minecraft.fish":6,"stat.craftItem.minecraft.stained_glass":8,"stat.timeSinceDeath":10745,"stat.useItem.harvestcraft.creepercookieitem":1,"stat.craftItem.ebwizardry.magic_crystal":10,"stat.pickup.byg.delphinium":54,"stat.pickup.harvestcraft.whitemushroomitem":23,"stat.pickup.travelersbackpack.travelers_backpack":2,"stat.pickup.harvestcraft.beanitem":18,"stat.useItem.minecraft.potato":8,"stat.pickup.minecraft.nether_wart":11,"stat.pickup.ebwizardry.firebomb":1,"stat.mineBlock.minecraft.coal_ore":455,"stat.pickup.minecraft.shield":5,"stat.pickup.minecraft.string":159,"stat.pickup.artifacts.star_cloak":1,"stat.craftItem.harvestcraft.holidaycakeitem":2,"stat.pickup.cyclicmagic.tool_elevate":1,"stat.mineBlock.byg.sonorancactus":29,"stat.craftItem.harvestcraft.peanutbutteritem":11,"stat.useItem.minecraft.written_book":1,"stat.killEntity.ebwizardry:evil_wizard":5,"stat.craftItem.harvestcraft.batteritem":13,"stat.mineBlock.minecraft.diamond_ore":18,"stat.pickup.harvestcraft.quinoaitem":2,"stat.craftItem.minecraft.wooden_pressure_plate":1,"stat.drop.cyclicmagic.emerald_hoe":1,"stat.pickup.byg.salal_bush":2,"stat.craftItem.minecraft.fish":3,"stat.pickup.minecraft.spawn_egg":8,"stat.pickup.better_diving.peeper":1,"stat.pickup.harvestcraft.apple_sapling":1,"stat.pickup.thaumcraft.sapling_silverwood":4,"stat.drop.cyclicmagic.charm_antidote":1,"stat.diveOneCm":231980,"stat.craftItem.harvestcraft.market":1,"stat.useItem.minecraft.rotten_flesh":42,"stat.jump":8735,"stat.craftItem.mekanism.transmitter":64,"stat.craftItem.minecraft.torch":104,"stat.pickup.harvestcraft.vanillabean_sapling":1,"stat.pickup.minecraft.gold_ore":46,"stat.mineBlock.harvestcraft.aridgarden":30,"stat.mineBlock.minecraft.glass_pane":1,"stat.damageTaken":33884,"stat.pickup.ebwizardry.crystal_flower":7,"stat.pickup.minecraft.log2":24,"stat.mineBlock.minecraft.sandstone_stairs":5,"stat.entityKilledBy.ZombieVillager":1,"stat.pickup.minecraft.bed":4,"stat.pickup.artifacts.thorn_pendant":1,"stat.pickup.minecraft.quartz_block":5,"stat.pickup.minecraft.potato":183,"stat.pickup.harvestcraft.carprawitem":2,"stat.entityKilledBy.Zombie":24,"stat.drop.thaumcraft.brain":1,"stat.pickup.harvestcraft.lettuceitem":70,"stat.pickup.harvestcraft.oatsitem":1,"stat.pickup.artifacts.shiny_red_balloon":1,"stat.useItem.minecraft.air":156,"stat.useItem.harvestcraft.carrotjuiceitem":3,"stat.animalsBred":1,"stat.useItem.minecraft.chest":2,"stat.craftItem.harvestcraft.cheeseitem":6,"stat.pickup.cyclicmagic.ender_dungeon":1,"stat.craftItem.harvestcraft.nutellaitem":4,"stat.craftItem.mekanism.ingot":131,"stat.pickup.harvestcraft.celeryitem":1,"stat.pickup.ebwizardry.crystal_silver_plating":1,"stat.pickup.minecraft.ender_pearl":2,"stat.drop.minecraft.wooden_slab":1,"stat.craftItem.ebwizardry.novice_sorcery_wand":1,"stat.pickup.harvestcraft.queenbeeitem":2,"stat.pickup.harvestcraft.cucumberitem":118,"stat.pickup.harvestcraft.strawberryitem":104,"stat.drop.cyclicmagic.tool_warp_spawn":1,"stat.craftItem.minecraft.shears":1,"stat.useItem.cyclicmagic.evoker_fang":33,"stat.drop.minecraft.spruce_stairs":1,"stat.pickup.minecraft.torch":40,"stat.craftItem.harvestcraft.heavycreamitem":77,"stat.craftItem.mekanism.controlcircuit":2,"stat.drop.minecraft.arrow":4,"stat.useItem.futuremc.stone_brick_wall":35,"stat.useItem.minecraft.planks":8,"stat.pickup.minecraft.porkchop":27,"stat.pickup.harvestcraft.starfruit_sapling":1,"stat.useItem.minecraft.water_bucket":1,"stat.drop.travelersbackpack.travelers_backpack":1,"stat.pickup.minecraft.sand":200,"stat.pickup.byg.purplecelosia":15,"stat.entityKilledBy.Spider":4,"stat.craftItem.mekanism.basicblock":2,"stat.craftItem.harvestcraft.juiceritem":1,"stat.pickup.harvestcraft.wintersquashitem":120,"stat.mineBlock.byg.scoria":6,"stat.pickup.harvestcraft.charrrawitem":1,"stat.useItem.minecraft.spawn_egg":2,"stat.drop.harvestcraft.creepercookieitem":1,"stat.craftItem.minecraft.hardened_clay":81,"stat.pickup.cookingforblockheads.fruit_basket":1,"stat.craftItem.cookingforblockheads.sink":1,"stat.drop.minecraft.stone_slab":2,"stat.pickup.minecraft.fence_gate":1,"stat.pickup.harvestcraft.turnipitem":28,"stat.mineBlock.minecraft.end_bricks":5,"stat.pickup.minecraft.iron_chestplate":5,"stat.pickup.minecraft.skull":3,"stat.entityKilledBy.BrainyZombie":1,"stat.pickup.harvestcraft.nutmegitem":19,"stat.craftItem.harvestcraft.carrotjuiceitem":3,"stat.mineBlock.byg.angelica":10,"stat.playOneMinute":1561630,"stat.drop.minecraft.string":1,"stat.pickup.harvestcraft.starfruititem":23,"stat.pickup.minecraft.iron_bars":12,"stat.craftItem.byg.strawberrypie":10,"stat.pickup.harvestcraft.tomatoitem":112,"stat.craftItem.minecraft.carpet":18,"stat.mineBlock.minecraft.netherrack":1,"stat.drop.mekanismtools.glowstoneaxe":1,"stat.mineBlock.appliedenergistics2.sky_stone_block":260,"stat.craftItem.harvestcraft.bltitem":27,"stat.craftItem.minecraft.iron_nugget":18,"stat.fallOneCm":562927,"stat.pickup.artifacts.pocket_piston":1,"stat.craftItem.minecraft.chest":21,"stat.useItem.harvestcraft.bellpepperitem":4,"stat.pickup.minecraft.red_mushroom":10,"stat.craftItem.cookingforblockheads.spice_rack":4,"stat.craftItem.harvestcraft.freshwateritem":26,"stat.drop.minecraft.iron_leggings":2,"stat.useItem.cookingforblockheads.spice_rack":8,"stat.pickup.minecraft.chainmail_boots":1,"stat.useItem.minecraft.iron_bars":2,"stat.mineBlock.minecraft.quartz_stairs":15,"stat.craftItem.cookingforblockheads.fruit_basket":1,"stat.pickup.mekanismtools.glowstonepickaxe":1,"stat.pickup.minecraft.log":43,"stat.pickup.mekanism.machineblock":2,"stat.pickup.artifacts.magma_stone":2,"stat.craftItem.cyclicmagic.emerald_spade":1,"stat.pickup.minecraft.chainmail_leggings":2,"stat.craftItem.harvestcraft.cottoncandyitem":12,"stat.entityKilledBy.Enderman":1,"stat.pickup.minecraft.diamond_helmet":1,"stat.pickup.ebwizardry.receptacle":2,"stat.pickup.harvestcraft.rutabagaitem":2,"stat.drop.mekanism.configurator":1,"stat.useItem.mekanismtools.glowstonesword":528,"stat.craftItem.minecraft.flower_pot":2,"stat.sneakTime":11374,"stat.mineBlock.minecraft.cobblestone_wall":35,"stat.mineBlock.thaumcraft.crystal_perditio":23,"stat.pickup.minecraft.chest":10,"stat.craftItem.cyclicmagic.emerald_axe":2,"stat.craftItem.minecraft.enchanting_table":1,"stat.craftItem.harvestcraft.monsterfrieddumplingsitem":4,"stat.mineBlock.byg.salal_bush":1,"stat.craftItem.harvestcraft.footlongitem":3,"stat.pickup.cookingforblockheads.spice_rack":10,"stat.craftItem.minecraft.iron_trapdoor":1,"stat.mineBlock.better_diving.creepvine":1,"stat.swimOneCm":201809,"stat.mineBlock.cookingforblockheads.corner":2,"stat.useItem.harvestcraft.strawberryitem":4,"stat.useItem.minecraft.dirt":161,"stat.pickup.harvestcraft.chickpeaitem":13,"stat.useItem.harvestcraft.barleyitem":3,"stat.mineBlock.cookingforblockheads.milk_jar":1,"stat.mineBlock.cookingforblockheads.fruit_basket":1,"stat.killEntity.artifacts.mimic":8,"stat.pickup.minecraft.quartz_stairs":5,"stat.mineBlock.minecraft.carpet":6,"stat.useItem.thaumcraft.plank_silverwood":13,"stat.pickup.harvestcraft.lentilitem":17,"stat.useItem.connectedglass.borderless_glass":131,"stat.pickup.appliedenergistics2.material":18,"stat.drop.minecraft.wheat_seeds":6,"stat.craftItem.minecraft.wooden_slab":12,"stat.pickup.harvestcraft.leekitem":28,"stat.pickup.minecraft.mutton":15,"stat.pickup.minecraft.wooden_axe":1,"stat.pickup.byg.rose":1,"stat.pickup.ebwizardry.magic_crystal":25,"stat.mineBlock.slm.stripped_spruce_log":60,"stat.mineBlock.byg.rose":1,"stat.mineBlock.minecraft.nether_brick":7,"stat.pickup.harvestcraft.shippingbin":1,"stat.craftItem.harvestcraft.apple_sapling":1,"stat.mineBlock.connectedglass.borderless_glass_pane":21,"stat.pickup.harvestcraft.mudfishrawitem":1,"stat.craftItem.mekanism.energytablet":5,"stat.useItem.harvestcraft.cucumberitem":9,"stat.mineBlock.mekanism.oreblock":141,"stat.useItem.cyclicmagic.crafting_food":1,"stat.craftItem.minecraft.stone":114,"stat.pickup.cyclicmagic.emerald_hoe":1,"stat.mineBlock.minecraft.crafting_table":1,"stat.craftItem.cookingforblockheads.oven":1,"stat.useItem.minecraft.diamond_pickaxe":659,"stat.mineBlock.minecraft.quartz_block":19,"stat.useItem.minecraft.carrot":4,"stat.craftItem.cookingforblockheads.toaster":1,"stat.pickup.additionallanterns.andesite_lantern":14,"stat.useItem.connectedglass.borderless_glass_pane":1,"stat.pickup.ebwizardry.oak_bookshelf":14,"stat.mineBlock.thaumcraft.crystal_aqua":14,"stat.craftItem.harvestcraft.potitem":1,"stat.pickup.minecraft.stone_button":1,"stat.pickup.cyclicmagic.tool_warp_spawn":1,"stat.craftItem.minecraft.diamond_pickaxe":1,"stat.pickup.artifacts.bottled_cloud":1,"stat.craftItem.cookingforblockheads.cabinet":5,"stat.craftItem.minecraft.clay":63,"stat.pickup.harvestcraft.anchovyrawitem":2,"stat.killEntity.BrainyZombie":15,"stat.useItem.additionallanterns.andesite_lantern":28,"stat.useItem.byg.delphinium":2,"stat.pickup.byg.soapstone":6,"stat.pickup.minecraft.brick":6,"stat.pickup.minecraft.iron_helmet":4,"stat.craftItem.minecraft.bread":54,"stat.pickup.harvestcraft.peanutitem":76,"stat.pickup.minecraft.spider_eye":39,"stat.useItem.cookingforblockheads.counter":4,"stat.pickup.byg.purplesage":39,"stat.mineBlock.harvestcraft.frostgarden":9,"stat.pickup.minecraft.iron_ore":450,"stat.mineBlock.minecraft.iron_bars":10,"stat.useItem.ironfurnaces.obsidian_furnace_idle":1,"stat.pickup.minecraft.leather":4,"stat.useItem.harvestcraft.flaxitem":3,"stat.dispenserInspected":2,"stat.pickup.better_diving.creepvine":4,"stat.pickup.minecraft.reeds":124,"stat.craftItem.minecraft.glass":276,"stat.sleepInBed":4,"stat.killEntity.Cow":3,"stat.killEntity.Pig":12,"stat.walkOneCm":3376157,"stat.playerKills":1,"stat.pickup.minecraft.clay_ball":592,"stat.pickup.byg.pinesapling":9,"stat.craftItem.harvestcraft.strawberrypieitem":5,"stat.useItem.harvestcraft.cottonseeditem":3,"stat.craftItem.harvestcraft.spiderweb_sapling":1,"stat.drop.minecraft.iron_chestplate":2,"stat.pickup.minecraft.stone":289,"stat.mineBlock.minecraft.wool":1,"stat.pickup.naturescompass.naturescompass":1,"stat.craftItem.futuremc.stone_brick_wall":60,"stat.pickup.connectedglass.borderless_glass":40,"stat.killEntity.Skeleton":67,"stat.pickup.harvestcraft.amaranthitem":83,"stat.pickup.byg.palm_log":24,"stat.useItem.cyclicmagic.emerald_spade":485,"stat.killEntity.Spider":54,"stat.pickup.minecraft.bread":6,"stat.drop.harvestcraft.starfruititem":2,"stat.pickup.minecraft.spruce_stairs":1,"stat.mineBlock.minecraft.redstone_ore":62,"stat.craftItem.minecraft.brick":60,"stat.mineBlock.minecraft.stone":1217}