{"stat.useItem.61":2,"stat.craftItem.61":2,"stat.leaveGame":4,"stat.mineBlock.14":6,"stat.mineBlock.13":3,"stat.mineBlock.16":30,"stat.craftItem.297":10,"stat.mineBlock.15":79,"stat.useItem.72":1,"stat.jump":703,"stat.swimOneCm":27116,"stat.fallOneCm":4732,"stat.climbOneCm":1364,"achievement.buildWorkBench":2,"achievement.exploreAllBiomes":{"value":0,"progress":["Magical Forest","Roofed Forest","Plains"]},"stat.useItem.295":31,"stat.craftItem.364":2,"crystal":1851,"stat.craftItem.5":128,"stat.damageTaken":19960,"stat.mineBlock.4":1,"stat.mineBlock.5":4,"achievement.diamonds":19,"stat.mineBlock.3":37,"stat.mineBlock.1":175,"stat.flyOneCm":45430,"stat.useItem.50":41,"achievement.buildPickaxe":3,"stat.entityKilledBy.Zombie":1,"stat.damageDealt":5920,"achievement.buildBetterPickaxe":2,"stat.mineBlock.72":1,"stat.killEntity.Cow":3,"stat.mineBlock.129":2,"stat.useItem.58":5,"stat.useItem.274":123,"ic2.mineOre":625,"stat.useItem.273":36,"stat.mineBlock.49":10,"stat.walkOneCm":418618,"stat.craftItem.265":15,"stat.useItem.278":76,"stat.playerKills":4,"stat.mineBlock.41":2,"stat.mineBlock.58":1,"stat.mineBlock.100":1,"achievement.mineWood":6,"stat.mineBlock.50":1,"stat.mineBlock.56":19,"stat.useItem.257":216,"achievement.openInventory":26,"stat.mineBlock.161":1,"stat.mineBlock.162":5,"stat.craftItem.280":20,"stat.killEntity.Spider":1,"stat.mobKills":20,"stat.mineBlock.21":1,"stat.craftItem.273":1,"achievement.buildFurnace":2,"stat.craftItem.58":3,"stat.craftItem.274":1,"stat.deaths":7,"stat.mineBlock.37":1,"stat.useItem.267":30,"achievement.acquireIron":1,"stat.drop":85,"stat.craftItem.278":1,"stat.playOneMinute":95614,"stat.craftItem.50":40,"stat.killEntity.Sheep":6,"stat.useItem.4":84,"stat.craftItem.270":1,"stat.killEntity.Zombie":4,"stat.useItem.270":14,"stat.mineBlock.31":7,"stat.diveOneCm":4583,"stat.craftItem.307":1,"stat.craftItem.308":1}