{
  "ars_nouveau:root": {
    "criteria": {
      "ars_nouveau:worn_notebook": "2024-08-11 02:51:57 +0000"
    },
    "done": true
  },
  "farmersdelight:main/root": {
    "criteria": {
      "seeds": "2024-08-11 02:51:57 +0000"
    },
    "done": true
  },
  "create:root": {
    "criteria": {
      "0": "2024-08-11 02:51:57 +0000"
    },
    "done": true
  },
  "ironfurnaces:coal": {
    "criteria": {
      "rainbowcoal": "2024-08-11 02:51:57 +0000"
    },
    "done": true
  },
  "mekanism:root": {
    "criteria": {
      "automatic": "2024-08-11 02:51:57 +0000"
    },
    "done": true
  },
  "mna:root": {
    "criteria": {
      "get_vinteum": "2024-08-11 02:51:57 +0000"
    },
    "done": true
  },
  "iceandfire:iceandfire/root": {
    "criteria": {
      "tick": "2024-08-11 02:51:58 +0000"
    },
    "done": true
  },
  "crystalcraft_unlimited_java:recipe_unlock": {
    "criteria": {
      "recipe_unlock_0": "2024-08-11 02:51:58 +0000"
    },
    "done": true
  },
  "dungeons_arise:wda_root": {
    "criteria": {
      "WDA": "2024-08-11 02:51:58 +0000"
    },
    "done": true
  },
  "undergarden:undergarden/root": {
    "criteria": {
      "tick": "2024-08-11 02:51:58 +0000"
    },
    "done": true
  },
  "mowziesmobs:root": {
    "criteria": {
      "custom_test_name": "2024-08-11 02:51:58 +0000"
    },
    "done": true
  },
  "betterdungeons:root": {
    "criteria": {
      "always": "2024-08-11 02:51:58 +0000"
    },
    "done": true
  },
  "apotheosis:give_book": {
    "criteria": {
      "tick": "2024-08-11 02:51:58 +0000"
    },
    "done": true
  },
  "betterdeserttemples:root": {
    "criteria": {
      "always": "2024-08-11 02:51:58 +0000"
    },
    "done": true
  },
  "biomesoplenty:biomesoplenty/root": {
    "criteria": {
      "seasonal_forest": "2024-08-11 02:52:01 +0000"
    },
    "done": true
  },
  "biomesoplenty:biomesoplenty/all_biomes": {
    "criteria": {
      "coniferous_forest": "2024-08-11 03:42:20 +0000",
      "seasonal_forest": "2024-08-11 02:52:01 +0000",
      "pasture": "2024-08-11 03:45:21 +0000"
    },
    "done": false
  },
  "minecraft:adventure/adventuring_time": {
    "criteria": {
      "minecraft:cherry_grove": "2024-08-11 03:33:41 +0000",
      "minecraft:sunflower_plains": "2024-08-11 03:40:36 +0000",
      "minecraft:beach": "2024-08-11 03:16:20 +0000",
      "minecraft:river": "2024-08-11 02:58:56 +0000",
      "minecraft:cold_ocean": "2024-08-11 03:32:12 +0000",
      "minecraft:plains": "2024-08-11 02:52:31 +0000"
    },
    "done": false
  },
  "minecraft:story/root": {
    "criteria": {
      "crafting_table": "2024-08-11 02:54:19 +0000"
    },
    "done": true
  },
  "minecraft:story/mine_stone": {
    "criteria": {
      "get_stone": "2024-08-11 02:55:22 +0000"
    },
    "done": true
  },
  "minecraft:husbandry/root": {
    "criteria": {
      "consumed_item": "2024-08-11 02:58:01 +0000"
    },
    "done": true
  },
  "minecraft:story/upgrade_tools": {
    "criteria": {
      "stone_pickaxe": "2024-08-11 03:00:30 +0000"
    },
    "done": true
  },
  "botania:challenge/root": {
    "criteria": {
      "flower": "2024-08-11 03:01:37 +0000"
    },
    "done": true
  },
  "botania:main/root": {
    "criteria": {
      "flower": "2024-08-11 03:01:37 +0000"
    },
    "done": true
  },
  "botania:main/flower_pickup_lexicon": {
    "criteria": {
      "flower": "2024-08-11 03:01:37 +0000"
    },
    "done": true
  },
  "botania:main/flower_pickup": {
    "criteria": {
      "flower": "2024-08-11 03:01:37 +0000"
    },
    "done": true
  },
  "minecraft:adventure/root": {
    "criteria": {
      "killed_by_something": "2024-08-11 03:03:11 +0000"
    },
    "done": true
  },
  "alexsmobs:alexsmobs/root": {
    "criteria": {
      "useitem": "2024-08-11 03:05:35 +0000"
    },
    "done": true
  },
  "minecraft:adventure/kill_all_mobs": {
    "criteria": {
      "minecraft:spider": "2024-08-11 03:07:14 +0000"
    },
    "done": false
  },
  "minecraft:adventure/kill_a_mob": {
    "criteria": {
      "minecraft:spider": "2024-08-11 03:07:14 +0000"
    },
    "done": true
  },
  "evilcraft:root": {
    "criteria": {
      "criteria_0": "2024-08-11 03:07:32 +0000"
    },
    "done": true
  },
  "evilcraft:first_age": {
    "criteria": {
      "criteria_0": "2024-08-11 03:07:32 +0000"
    },
    "done": true
  },
  "iceandfire:iceandfire/bestiary": {
    "criteria": {
      "bestiary": "2024-08-11 03:18:51 +0000"
    },
    "done": true
  },
  "iceandfire:iceandfire/lectern": {
    "criteria": {
      "bestiary": "2024-08-11 03:20:19 +0000"
    },
    "done": true
  },
  "minecraft:husbandry/plant_seed": {
    "criteria": {
      "wheat": "2024-08-11 03:22:50 +0000"
    },
    "done": true
  },
  "farmersdelight:main/plant_all_crops": {
    "criteria": {
      "kelp": "2024-08-12 18:55:56 +0000",
      "wheat": "2024-08-11 03:22:50 +0000"
    },
    "done": false
  },
  "croptopia:gather_forest": {
    "criteria": {
      "elderberry_seed": "2024-08-11 03:23:21 +0000"
    },
    "done": false
  },
  "croptopia:gather_all": {
    "criteria": {
      "elderberry_seed": "2024-08-11 03:23:21 +0000"
    },
    "done": false
  },
  "croptopia:getseeds": {
    "criteria": {
      "has_seeds": "2024-08-11 03:23:21 +0000"
    },
    "done": true
  },
  "minecraft:story/iron_tools": {
    "criteria": {
      "iron_pickaxe": "2024-08-11 03:26:17 +0000"
    },
    "done": true
  },
  "dungeons_arise:find_heavenly_challenger": {
    "criteria": {
      "location0": "2024-08-11 03:31:01 +0000"
    },
    "done": true
  },
  "mna:tier_0/smelt_vinteum": {
    "criteria": {
      "has_stone": "2024-08-11 03:35:01 +0000"
    },
    "done": true
  },
  "dungeons_arise:find_bathhouse": {
    "criteria": {
      "location0": "2024-08-11 03:42:24 +0000"
    },
    "done": true
  },
  "mna:tier_0/mine_vinteum": {
    "criteria": {
      "has_stone": "2024-08-11 04:00:45 +0000"
    },
    "done": true
  },
  "evilcraft:evil_source": {
    "criteria": {
      "criteria_0": "2024-08-11 12:27:37 +0000"
    },
    "done": true
  },
  "croptopia:gather_food": {
    "criteria": {
      "glowing_calamari": "2024-08-11 14:25:21 +0000"
    },
    "done": false
  },
  "crystalcraft_unlimited_java:pink_fluffy_unicorns_dancingon_rainbows": {
    "criteria": {
      "pink_fluffy_unicorns_dancingon_rainbows_0": "2024-08-12 15:38:53 +0000"
    },
    "done": true
  },
  "DataVersion": 3465
}