{
	"biome": "netherex:arctic_abyss",
	"generationWeight": 2,
	"useDefaultDecorations": true,
	"isSubBiome": false,
	"blocks": {
		"surface": {
			"block": "netherex:frostburn_ice"
		},
		"liquid": {
			"block": "minecraft:magma"
		},
		"subsurface": {
			"block": "netherex:icy_netherrack"
		}
	},
	"entities": [
		{
			"spawnWeight": 10,
			"minimumGroupCount": 1,
			"maximumGroupCount": 3,
			"entity": "netherex:frost"
		}, 
		{
			"spawnWeight": 35,
			"minimumGroupCount": 1,
			"maximumGroupCount": 4,
			"entity": "netherex:coolmar_spider"
		}, 
		{
			"spawnWeight": 100,
			"minimumGroupCount": 1,
			"maximumGroupCount": 4,
			"entity": "netherex:wight"
		}, 
		{
			"spawnWeight": 15,
			"minimumGroupCount": 1,
			"maximumGroupCount": 1,
			"entity": "netherex:brute"
		}, 
		{
			"spawnWeight": 1,
			"minimumGroupCount": 1,
			"maximumGroupCount": 1,
			"entity": "ebwizardry:lightning_wraith"
		}, 
		{
			"spawnWeight": 3,
			"minimumGroupCount": 1,
			"maximumGroupCount": 1,
			"entity": "ebwizardry:evil_wizard"
		}, 
		{
			"spawnWeight": 10,
			"minimumGroupCount": 1,
			"maximumGroupCount": 2,
			"entity": "thaumcraft:firebat"
		}, 
		{
			"spawnWeight": 5,
			"minimumGroupCount": 1,
			"maximumGroupCount": 1,
			"entity": "thaumcraft:wisp"
		}, 
		{
			"spawnWeight": 20,
			"minimumGroupCount": 3,
			"maximumGroupCount": 5,
			"entity": "better_villagers:fightervillager"
		}
	],
	"traits": [
		{
			"generationAttempts": 2,
			"generationStage": "terrain_alteration",
			"generationProbability": 0.125,
			"minimumGenerationHeight": 36,
			"blockToSpawn": {
				"block": "netherex:ichor"
			},
			"randomizeGenerationAttempts": false,
			"trait": "libraryex:pool",
			"maximumGenerationHeight": 108,
			"blockToSurround": {
				"block": "netherex:frostburn_ice"
			}
		}, 
		{
			"generationAttempts": 5,
			"generationStage": "decoration",
			"generationProbability": 1.0,
			"minimumGenerationHeight": 4,
			"blockToSpawn": {
				"block": "netherex:blue_fire"
			},
			"blockToTarget": {
				"block": "netherex:frostburn_ice"
			},
			"randomizeGenerationAttempts": true,
			"trait": "libraryex:scatter",
			"maximumGenerationHeight": 124,
			"placement": "on_ground"
		}, 
		{
			"generationAttempts": 10,
			"generationStage": "decoration",
			"generationProbability": 1.0,
			"minimumGenerationHeight": 4,
			"blockToSpawn": {
				"block": "minecraft:glowstone"
			},
			"randomizeGenerationAttempts": true,
			"trait": "libraryex:cluster",
			"maximumGenerationHeight": 124,
			"blockToAttachTo": {
				"block": "netherex:icy_netherrack"
			},
			"direction": "down"
		}, 
		{
			"generationAttempts": 10,
			"generationStage": "decoration",
			"generationProbability": 1.0,
			"minimumGenerationHeight": 1,
			"blockToSpawn": {
				"block": "minecraft:glowstone"
			},
			"randomizeGenerationAttempts": false,
			"trait": "libraryex:cluster",
			"maximumGenerationHeight": 128,
			"blockToAttachTo": {
				"block": "netherex:icy_netherrack"
			},
			"direction": "down"
		}, 
		{
			"generationAttempts": 16,
			"generationStage": "ore",
			"generationProbability": 1.0,
			"minimumGenerationHeight": 10,
			"veinSize": 14,
			"blockToSpawn": {
				"block": "netherex:quartz_ore"
			},
			"randomizeGenerationAttempts": false,
			"blockToReplace": {
				"block": "netherex:icy_netherrack"
			},
			"trait": "libraryex:ore",
			"maximumGenerationHeight": 108
		}, 
		{
			"generationAttempts": 16,
			"generationStage": "ore",
			"generationProbability": 1.0,
			"minimumGenerationHeight": 10,
			"veinSize": 7,
			"blockToSpawn": {
				"block": "netherex:rime_ore"
			},
			"randomizeGenerationAttempts": false,
			"blockToReplace": {
				"block": "netherex:icy_netherrack"
			},
			"trait": "libraryex:ore",
			"maximumGenerationHeight": 108
		}
	],
	"subBiomes": []
}